<?xml version="1.0" encoding="UTF-8" ?>
<Library name="sap.ui.fl" xmlns="http://www.sap.com/ui5/ide/templates/xmlview">
<Template name="sap.ui.fl.transport.TransportDialog" alias="TransportDialog,Dialog">
	<jsTemplate><![CDATA[new sap.ui.fl.transport.TransportDialog({
	id: "${id}", // sap.ui.core.ID
	busy: false, // boolean
	busyIndicatorDelay: 1000, // int
	visible: true, // boolean
	fieldGroupIds: [], // string[], since 1.31
	icon: undefined, // sap.ui.core.URI
	title: undefined, // string
	showHeader: true, // boolean, since 1.15.1
	type: sap.m.DialogType.Standard, // sap.m.DialogType
	state: sap.ui.core.ValueState.None, // sap.ui.core.ValueState, since 1.11.2
	stretchOnPhone: false, // boolean, since 1.11.2
	stretch: false, // boolean, since 1.13.1
	contentWidth: undefined, // sap.ui.core.CSSSize, since 1.12.1
	contentHeight: undefined, // sap.ui.core.CSSSize, since 1.12.1
	horizontalScrolling: true, // boolean, since 1.15.1
	verticalScrolling: true, // boolean, since 1.15.1
	resizable: false, // boolean, since 1.30
	draggable: false, // boolean, since 1.30
	escapeHandler: undefined, // any, since 1.44
	pkg: undefined, // string
	transports: undefined, // any
	lrepObject: undefined, // any
	hidePackage: undefined, // boolean
	tooltip: undefined, // sap.ui.core.TooltipBase
	customData: [], // sap.ui.core.CustomData
	dependents: [], // sap.ui.core.Element, since 1.19
	content: [], // sap.ui.core.Control
	subHeader: undefined, // sap.m.IBar, since 1.12.2
	customHeader: undefined, // sap.m.IBar, since 1.15.1
	beginButton: undefined, // sap.m.Button, since 1.15.1
	endButton: undefined, // sap.m.Button, since 1.15.1
	buttons: [], // sap.m.Button, since 1.21.1
	leftButton: undefined, // sap.m.Button
	rightButton: undefined, // sap.m.Button
	initialFocus: undefined, // sap.ui.core.Control, since 1.15.0
	ariaDescribedBy: [], // sap.ui.core.Control
	ariaLabelledBy: [], // sap.ui.core.Control
	validateFieldGroup: [function (oEvent) {
		var ${control} = oEvent.getSource();
	}, this],
	beforeOpen: [function (oEvent) {
		var ${control} = oEvent.getSource();
	}, this],
	afterOpen: [function (oEvent) {
		var ${control} = oEvent.getSource();
	}, this],
	beforeClose: [function (oEvent) {
		var ${control} = oEvent.getSource();
	}, this],
	afterClose: [function (oEvent) {
		var ${control} = oEvent.getSource();
	}, this],
	ok: [function (oEvent) {
		var ${control} = oEvent.getSource();
	}, this],
	cancel: [function (oEvent) {
		var ${control} = oEvent.getSource();
	}, this]
})
]]></jsTemplate>
	<xmlTemplate><![CDATA[<transport/TransportDialog xmlns="sap.ui.fl"
	id="${id}"
	busy="false"
	busyIndicatorDelay="1000"
	visible="true"
	fieldGroupIds=""
	icon=""
	title=""
	showHeader="true"
	type="Standard"
	state="None"
	stretchOnPhone="false"
	stretch="false"
	contentWidth=""
	contentHeight=""
	horizontalScrolling="true"
	verticalScrolling="true"
	resizable="false"
	draggable="false"
	escapeHandler=""
	pkg=""
	transports=""
	lrepObject=""
	hidePackage=""
	leftButton=""
	rightButton=""
	initialFocus=""
	ariaDescribedBy=""
	ariaLabelledBy=""
	validateFieldGroup=""
	beforeOpen=""
	afterOpen=""
	beforeClose=""
	afterClose=""
	ok=""
	cancel="">
		<tooltip></tooltip> <!-- sap.ui.core.TooltipBase -->
		<dependents></dependents> <!-- sap.ui.core.Element, since 1.19 -->
		<content></content> <!-- sap.ui.core.Control -->
		<subHeader></subHeader> <!-- sap.m.IBar, since 1.12.2 -->
		<customHeader></customHeader> <!-- sap.m.IBar, since 1.15.1 -->
		<beginButton></beginButton> <!-- sap.m.Button, since 1.15.1 -->
		<endButton></endButton> <!-- sap.m.Button, since 1.15.1 -->
		<buttons></buttons> <!-- sap.m.Button, since 1.21.1 -->
</transport/TransportDialog>
]]></xmlTemplate>
</Template>
<Template name="sap.ui.fl.variants.VariantManagement" alias="VariantManagement,Management">
	<jsTemplate><![CDATA[new sap.ui.fl.variants.VariantManagement({
	id: "${id}", // sap.ui.core.ID
	busy: false, // boolean
	busyIndicatorDelay: 1000, // int
	visible: true, // boolean
	fieldGroupIds: [], // string[], since 1.31
	showExecuteOnSelection: false, // boolean
	showShare: false, // boolean
	showSetAsDefault: true, // boolean
	showFavorites: false, // boolean
	industrySolutionMode: false, // boolean
	vendorLayer: false, // boolean
	manualVariantKey: false, // boolean
	showSave: true, // boolean
	showSaveAs: true, // boolean
	showManage: true, // boolean
	tooltip: undefined, // sap.ui.core.TooltipBase
	customData: [], // sap.ui.core.CustomData
	dependents: [], // sap.ui.core.Element, since 1.19
	"for": [], // sap.ui.core.Control
	validateFieldGroup: [function (oEvent) {
		var ${control} = oEvent.getSource();
	}, this],
	save: [function (oEvent) {
		var ${control} = oEvent.getSource();
	}, this],
	manage: [function (oEvent) {
		var ${control} = oEvent.getSource();
	}, this]
})
]]></jsTemplate>
	<xmlTemplate><![CDATA[<variants/VariantManagement xmlns="sap.ui.fl"
	id="${id}"
	busy="false"
	busyIndicatorDelay="1000"
	visible="true"
	fieldGroupIds=""
	showExecuteOnSelection="false"
	showShare="false"
	showSetAsDefault="true"
	showFavorites="false"
	industrySolutionMode="false"
	vendorLayer="false"
	manualVariantKey="false"
	showSave="true"
	showSaveAs="true"
	showManage="true"
	"for"=""
	validateFieldGroup=""
	save=""
	manage="">
		<tooltip></tooltip> <!-- sap.ui.core.TooltipBase -->
		<dependents></dependents> <!-- sap.ui.core.Element, since 1.19 -->
</variants/VariantManagement>
]]></xmlTemplate>
</Template>
</Library>
