{"sapBrandColor":"#ec8b46","sapHighlightColor":"#ec8b46","sapBaseColor":"#ffffff","sapShellColor":"#ffffff","sapBackgroundColor":"#ffffff","sapFontFamily":"\"72-Web\", Arial, Helvetica, sans-serif","sapFontSize":"0.75em","sapTextColor":"#000000","sapLinkColor":"#000000","sapCompanyLogo":"none","sapBackgroundImage":"none","sapBackgroundImageOpacity":"1","sapBackgroundImageRepeat":"false","sapSelectedColor":"#8fb5ff","sapActiveColor":"#ec8b46","sapHighlightTextColor":"#000000","sapTitleColor":"#000000","sapNegativeColor":"#ab0000","sapCriticalColor":"#5c5c00","sapPositiveColor":"#006362","sapNeutralColor":"#000000","sapNegativeElementColor":"#ab0000","sapCriticalElementColor":"#5c5c00","sapPositiveElementColor":"#006362","sapNeutralElementColor":"#000000","sapContent_LineHeight":"1.3","sapContent_ElementHeight":"1.37em","sapContent_ElementHeight_PX":"22px","sapContent_IconHeight":"16px","sapContent_IconColor":"#000000","sapContent_ContrastIconColor":"#000000","sapContent_NonInteractiveIconColor":"#000000","sapContent_MarkerIconColor":"#000000","sapContent_FocusColor":"#000000","sapContent_ContrastFocusColor":"#000000","sapContent_ShadowColor":"#000000","sapContent_ContrastShadowColor":"#000000","sapContent_SearchHighlightColor":"#ec8b46","sapContent_HelpColor":"#006500","sapContent_LabelColor":"#000000","sapContent_MonospaceFontFamily":"lucida console, monospace","sapContent_DisabledTextColor":"#888888","sapContent_DisabledOpacity":"0.5","sapContent_ContrastTextThreshold":"0.65","sapContent_ContrastTextColor":"#000000","sapContent_ForegroundColor":"#ffffff","sapContent_ForegroundBorderColor":"#000000","sapContent_ForegroundTextColor":"#000000","sapShell_Background":"#ffffff","sapShell_BackgroundImage":"#ffffff","sapShell_BackgroundGradient":"#ffffff","sapShell_BackgroundImageOpacity":"1","sapShell_BackgroundImageRepeat":"false","sapShell_BorderColor":"#000000","sapShell_TextColor":"#000000","sapShell_Favicon":"none","sapButton_BorderWidth":"1px","sapButton_BorderCornerRadius":"6px","sapButton_Background":"#ffffff","sapButton_BorderColor":"#000000","sapButton_TextColor":"#000000","sapButton_Disabled_Background":"#ffffff","sapButton_Disabled_BorderColor":"#666666","sapButton_Disabled_TextColor":"#000000","sapButton_Hover_Background":"#ec8b46","sapButton_Hover_BorderColor":"#000000","sapButton_Hover_TextColor":"#000000","sapButton_Emphasized_Background":"#ffffff","sapButton_Emphasized_BorderColor":"#000000","sapButton_Emphasized_TextColor":"#000000","sapButton_Reject_Background":"#ffffff","sapButton_Accept_Background":"#ffffff","sapField_Background":"#ffffff","sapField_BorderColor":"#000000","sapField_TextColor":"#000000","sapField_HelpBackground":"#ffffff","sapField_BorderWidth":"1px","sapField_BorderCornerRadius":"0","sapField_Hover_Background":"#ffffff","sapField_Hover_BorderColor":"#000000","sapField_Hover_HelpBackground":"#ffffff","sapField_Focus_Background":"#ffffff","sapField_Focus_BorderColor":"#000000","sapField_Focus_HelpBackground":"#ffffff","sapField_Disabled_Background":"#959595","sapField_Disabled_BorderColor":"#4f4f4f","sapField_Disabled_TextColor":"#888888","sapField_Disabled_HelpBackground":"#959595","sapField_ReadOnly_Background":"#b3b3b3","sapField_ReadOnly_BorderColor":"#585858","sapField_ReadOnly_HelpBackground":"#b3b3b3","sapField_RequiredColor":"#000000","sapField_InvalidColor":"#000000","sapField_InvalidBackground":"#ec8b46","sapField_WarningColor":"#000000","sapField_WarningBackground":"#ffffff","sapField_SuccessColor":"#000000","sapField_SuccessBackground":"#ffffff","sapGroup_TitleBackground":"#ffffff","sapGroup_TitleBorderColor":"#000000","sapGroup_TitleTextColor":"#000000","sapGroup_Title_FontSize":"1em","sapGroup_ContentBackground":"#ffffff","sapGroup_ContentBorderColor":"#000000","sapGroup_BorderWidth":"1px","sapGroup_BorderCornerRadius":"0","sapGroup_FooterBackground":"#ffffff","sapToolbar_Background":"#ffffff","sapToolbar_SeparatorColor":"#000000","sapList_HeaderBackground":"#ffffff","sapList_HeaderBorderColor":"#000000","sapList_HeaderTextColor":"#000000","sapList_BorderColor":"#585858","sapList_BorderWidth":"1px","sapList_HighlightColor":"#ec8b46","sapList_SelectionBackgroundColor":"#8fb5ff","sapList_Background":"#ffffff","sapList_Hover_Background":"#ec8b46","sapScrollBar_FaceColor":"#585858","sapScrollBar_TrackColor":"#ffffff","sapScrollBar_BorderColor":"#585858","sapScrollBar_SymbolColor":"#000000","sapScrollBar_Dimension":"16px","sapScrollBar_Hover_FaceColor":"#000000","sapPageHeader_Background":"#ffffff","sapPageHeader_BorderColor":"#000000","sapPageHeader_TextColor":"#000000","sapPageFooter_Background":"#ffffff","sapPageFooter_TextColor":"#000000","sapInfobar_Background":"#ffffff","sapObjectHeader_Background":"#ffffff","sapBlockLayer_Background":"#ffffff","sapTile_Background":"#ffffff","sapTile_BorderColor":"#000000","sapTile_TitleTextColor":"#000000","sapTile_TextColor":"#000000","sapTile_IconColor":"#000000","sapChart_OrderedColor_1":"#005e8a","sapChart_OrderedColor_2":"#515e2f","sapChart_OrderedColor_3":"#3d2a08","sapChart_OrderedColor_4":"#741860","sapChart_OrderedColor_5":"#0933f1","sapChart_OrderedColor_6":"#4b4115","sapChart_OrderedColor_7":"#005e8a","sapChart_OrderedColor_8":"#515e2f","sapChart_OrderedColor_9":"#3d2a08","sapChart_OrderedColor_10":"#741860","sapChart_OrderedColor_11":"#0933f1","sapChart_Bad":"#ab0000","sapChart_Critical":"#5c5c00","sapChart_Good":"#006362","sapChart_Neutral":"#000000","sapChart_Sequence_1":"#005e8a","sapChart_Sequence_2":"#515e2f","sapChart_Sequence_3":"#3d2a08","sapChart_Sequence_Neutral":"#000000","sapUiBrand":"#ec8b46","sapUiHighlight":"#ec8b46","sapUiBaseColor":"#ffffff","sapUiShellColor":"#ffffff","sapUiBaseBG":"#ffffff","sapUiGlobalBackgroundColor":"#ffffff","sapUiBaseText":"#000000","sapUiLink":"#000000","sapUiGlobalLogo":"none","sapUiGlobalBackgroundImage":"none","sapUiBackgroundImage":"none","sapUiUx3ShellBackgroundImageURL":"none","sapUiGlobalBackgroundImageOpacity":"1","sapUiGlobalBackgroundRepeat":"false","sapUiSelected":"#8fb5ff","sapUiActive":"#ec8b46","sapUiHighlightTextColor":"#000000","sapUiTextTitle":"#000000","sapUiContentIconColor":"#000000","sapUiContentContrastIconColor":"#000000","sapUiContentNonInteractiveIconColor":"#000000","sapUiContentMarkerIconColor":"#000000","sapUiContentMarkerTextColor":"#000000","sapUiContentImagePlaceholderBackground":"#ffffff","sapUiContentImagePlaceholderForegroundColor":"#585858","sapUiContentFocusColor":"#000000","sapUiContentContrastFocusColor":"#000000","sapUiContentShadowColor":"#000000","sapUiContentContrastShadowColor":"#000000","sapUiContentSearchHighlightColor":"#ec8b46","sapUiContentHelpColor":"#006500","sapUiContentLabelColor":"#000000","sapUiContentDisabledTextColor":"#888888","sapUiContentDisabledOpacity":"0.5","sapUiContentContrastTextThreshold":"0.65","sapUiContentContrastTextColor":"#000000","sapUiContentForegroundColor":"#ffffff","sapUiContentForegroundBorderColor":"#000000","sapUiContentForegroundTextColor":"#000000","sapUiShellBackground":"#ffffff","sapUiShellBackgroundImage":"#ffffff","sapUiShellBackgroundImageOpacity":"1","sapUiShellBackgroundImageRepeat":"false","sapUiShellBackgroundGradient":"#ffffff","sapUiShellBorderColor":"#000000","sapUiShellTextColor":"#000000","sapUiShellFavicon":"none","sapUiButtonBackground":"#ffffff","sapUiButtonBorderColor":"#000000","sapUiButtonTextColor":"#000000","sapUiButtonDisabledBackground":"#ffffff","sapUiButtonDisabledBorderColor":"#666666","sapUiButtonDisabledTextColor":"#000000","sapUiButtonHoverBackground":"#ec8b46","sapUiButtonHoverBorderColor":"#000000","sapUiButtonHoverTextColor":"#000000","sapUiButtonEmphasizedBackground":"#ffffff","sapUiButtonEmphasizedBorderColor":"#000000","sapUiButtonEmphasizedTextColor":"#000000","sapUiButtonRejectBackground":"#ffffff","sapUiButtonAcceptBackground":"#ffffff","sapUiFieldBackground":"#ffffff","sapUiFieldBorderColor":"#000000","sapUiFieldTextColor":"#000000","sapUiFieldHelpBackground":"#ffffff","sapUiFieldHoverBackground":"#ffffff","sapUiFieldHoverBorderColor":"#000000","sapUiFieldHoverHelpBackground":"#ffffff","sapUiFieldFocusBackground":"#ffffff","sapUiFieldFocusBorderColor":"#000000","sapUiFieldFocusHelpBackground":"#ffffff","sapUiFieldReadOnlyBackground":"#b3b3b3","sapUiFieldReadOnlyBorderColor":"#585858","sapUiFieldReadOnlyHelpBackground":"#b3b3b3","sapUiFieldDisabledBackground":"#959595","sapUiFieldDisabledBorderColor":"#4f4f4f","sapUiFieldDisabledTextColor":"#888888","sapUiFieldDisabledHelpBackground":"#959595","sapUiFieldRequiredColor":"#000000","sapUiFieldInvalidColor":"#000000","sapUiFieldInvalidBackground":"#ec8b46","sapUiFieldWarningColor":"#000000","sapUiFieldWarningBackground":"#ffffff","sapUiFieldSuccessColor":"#000000","sapUiFieldSuccessBackground":"#ffffff","sapUiGroupTitleBackground":"#ffffff","sapUiGroupTitleBorderColor":"#000000","sapUiGroupTitleTextColor":"#000000","sapUiGroupContentBackground":"#ffffff","sapUiGroupContentBorderColor":"#000000","sapUiGroupFooterBackground":"#ffffff","sapUiToolbarBackground":"#ffffff","sapUiToolbarSeparatorColor":"#000000","sapUiListHeaderBackground":"#ffffff","sapUiListHeaderBorderColor":"#000000","sapUiListHeaderTextColor":"#000000","sapUiListBorderColor":"#585858","sapUiListHighlightColor":"#ec8b46","sapUiListSelectionBackgroundColor":"#8fb5ff","sapUiListBackground":"#ffffff","sapUiListHoverBackground":"#ec8b46","sapUiScrollBarFaceColor":"#585858","sapUiScrollBarTrackColor":"#ffffff","sapUiScrollBarBorderColor":"#585858","sapUiScrollBarSymbolColor":"#000000","sapUiScrollBarHoverFaceColor":"#000000","sapUiPageHeaderBackground":"#ffffff","sapUiPageHeaderBorderColor":"#000000","sapUiPageHeaderTextColor":"#000000","sapUiPageFooterBackground":"#ffffff","sapUiPageFooterTextColor":"#000000","sapUiInfobarBackground":"#ffffff","sapUiObjectHeaderBackground":"#ffffff","sapUiBlockLayerBackground":"#ffffff","sapUiTileBackground":"#ffffff","sapUiTileBorderColor":"#000000","sapUiTileTitleTextColor":"#000000","sapUiTileTextColor":"#000000","sapUiTileIconColor":"#000000","sapUiChart1":"#005e8a","sapUiChart2":"#515e2f","sapUiChart3":"#3d2a08","sapUiChart4":"#741860","sapUiChart5":"#0933f1","sapUiChart6":"#4b4115","sapUiChart7":"#005e8a","sapUiChart8":"#515e2f","sapUiChart9":"#3d2a08","sapUiChart10":"#741860","sapUiChart11":"#0933f1","sapUiChartBad":"#ab0000","sapUiChartCritical":"#5c5c00","sapUiChartGood":"#006362","sapUiChartNeutral":"#000000","sapUiChartSequence1":"#005e8a","sapUiChartSequence2":"#515e2f","sapUiChartSequence3":"#3d2a08","sapUiChartSequenceNeutral":"#000000","sapUiAccent1":"#5f5800","sapUiAccent2":"#5e4101","sapUiAccent3":"#973333","sapUiAccent4":"#961d7c","sapUiAccent5":"#365892","sapUiAccent6":"#004ccb","sapUiAccent7":"#105b5b","sapUiAccent8":"#26340b","sapUiErrorBG":"#ffffff","sapUiWarningBG":"#ffffff","sapUiSuccessBG":"#ffffff","sapUiNeutralBG":"#ffffff","sapUiErrorBorder":"#ab0000","sapUiWarningBorder":"#5c5c00","sapUiSuccessBorder":"#006362","sapUiNeutralBorder":"#000000","sapUiNegativeElement":"#ab0000","sapUiCriticalElement":"#5c5c00","sapUiPositiveElement":"#006362","sapUiNeutralElement":"#000000","sapUiNegativeText":"#ab0000","sapUiCriticalText":"#5c5c00","sapUiPositiveText":"#006362","sapUiNeutralText":"#000000","sapUiNegative":"#ab0000","sapUiCritical":"#5c5c00","sapUiPositive":"#006362","sapUiNeutral":"#000000","sapUiErrorColor":"#de0000","sapUiWarningColor":"#8f8f00","sapUiSuccessColor":"#009694","sapUiFontFamily":"\"72-Web\", Arial, Helvetica, sans-serif","sapUiFontSize":"16px","sapUiFontCondensedFamily":"'Arial Narrow', HelveticaNeue-CondensedBold, Arial, sans-serif","sapUiFontHeaderFamily":"\"72-Web\", Arial, Helvetica, sans-serif","sapUiFontHeaderWeight":"normal","sapMFontHeader1Size":"1.625rem","sapMFontHeader2Size":"1.375rem","sapMFontHeader3Size":"1.25rem","sapMFontHeader4Size":"1.125rem","sapMFontHeader5Size":"1rem","sapMFontHeader6Size":"0.875rem","sapMFontSmallSize":"0.75rem","sapMFontMediumSize":"0.875rem","sapMFontLargeSize":"1rem","sapUiTranslucentBGOpacity":"100%","sapMPlatformDependent":"false","sapUiDesktopFontFamily":"\"72-Web\", Arial, Helvetica, sans-serif","sapUiDesktopFontSize":"12px","sapUiFontLargeSize":"13px","sapUiFontSmallSize":"11px","sapUiFontHeader1Size":"26px","sapUiFontHeader2Size":"20px","sapUiFontHeader3Size":"18px","sapUiFontHeader4Size":"16px","sapUiFontHeader5Size":"14px","sapUiFontHeader6Size":"13px","sapUiLineHeight":"18px","sapUiChartLabelHoverColor":"#ec8b46","sapUiChartLabelPressedColor":"#ec8b46","sapUiChartCategoryAxisLabelFontColor":"#000000","sapUiChartValueAxisLabelFontColor":"#000000","sapUiChartCategoryAxisLabelFontSize":"0.75rem","sapUiChartValueAxisLabelFontSize":"0.75rem","sapUiChartCategoryAxisLineColor":"#000000","sapUiChartValueAxisLineColor":"#000000","sapUiChartCategoryAxisTickColor":"#000000","sapUiChartValueAxisTickColor":"#000000","sapUiChartBackgroundColor":"#ffffff","sapUiChartLabelFontWeight":"normal","sapUiChartLegendLabelFontColor":"#000000","sapUiChartLegendTitleFontColor":"#000000","sapUiChartLegendTitleFontSize":"0.875rem","sapUiChartLegendLabelFontSize":"0.75rem","sapUiChartPaletteUndefinedColor":"#000000","sapUiChartGridlineColor":"#585858","sapUiChartReferenceLineColor":"#000000","sapUiChartDataLabelFontColor":"#000000","sapUiChartReferenceLineLabelColor":"#000000","sapUiChartDataLabelFontSize":"0.75rem","sapUiChartPopoverDataItemFontColor":"#000000","sapUiChartPopoverGroupFontColor":"#000000","sapUiChartPopoverDataItemFontSize":"0.875rem","sapUiChartPopoverGroupFontSize":"0.875rem","sapUiChartPopoverGroupFontWeight":"bold","sapUiChartScrollBarThumbColor":"#585858","sapUiChartScrollBarTrackColor":"#ffffff","sapUiChartScrollBarThumbHoverColor":"#000000","sapUiChartMainTitleFontColor":"#000000","sapUiChartAxisTitleFontColor":"#000000","sapUiChartMainTitleFontSize":"1rem","sapUiChartAxisTitleFontSize":"0.875rem","sapUiChartTitleFontWeight":"bold","sapUiChartLightText":"#000000","sapUiChartZeroAxisColor":"#000000","sapUiChartDataPointBorderColor":"#ffffff","sapUiChartDataPointBorderHoverSelectedColor":"#000000","sapUiChartDataPointNotSelectedBackgroundOpacity":"0.7","sapUiChartValueAxisLineOpacity":"0","sapUiChartCategoryAxisLabelFontHoverColor":"#000000","sapUiChartCategoryAxisLabelFontPressedColor":"#000000","sapUiChartTargetColor":"#000000","sapUiChartTargetShadowColor":"#ffffff","sapUiChartBubbleBGOpacity":"0.9","sapUiChartScrollbarBorderColor":"#585858","sapUiChartScrollbarBorderSize":"1px","sapUiChartScrollbarThumbPadding":"0.125rem","sapUiChartNegativeLargeText":"#ab0000","sapUiChartCriticalLargeText":"#5c5c00","sapUiChartPositiveLargeText":"#006362","sapUiChartNeutralLargeText":"#000000","sapUiChartDataPointBG":"#ffffff","sapUiChartDataPointBGBorderColor":"#000000","sapUiChartDataLineColorWithBG":"#000000","sapUiChartDataLineColor":"#000000","sapUiChartRadialRemainingCircle":"#ffffff","sapUiChartRadialRemainingCircleBorderColor":"#000000","sapUiChartRadialBG":"#ffffff","sapUiChartPaletteQualitativeHue1":"#005e8a","sapUiChartPaletteQualitativeHue2":"#515e2f","sapUiChartPaletteQualitativeHue3":"#3d2a08","sapUiChartPaletteQualitativeHue4":"#741860","sapUiChartPaletteQualitativeHue5":"#0933f1","sapUiChartPaletteQualitativeHue6":"#4b4115","sapUiChartPaletteQualitativeHue7":"#005e8a","sapUiChartPaletteQualitativeHue8":"#515e2f","sapUiChartPaletteQualitativeHue9":"#3d2a08","sapUiChartPaletteQualitativeHue10":"#741860","sapUiChartPaletteQualitativeHue11":"#0933f1","sapUiChartPaletteSemanticBadLight3":"#ed0000","sapUiChartPaletteSemanticBadLight2":"#ed0000","sapUiChartPaletteSemanticBadLight1":"#ab0000","sapUiChartPaletteSemanticBad":"#ab0000","sapUiChartPaletteSemanticBadDark1":"#ab0000","sapUiChartPaletteSemanticBadDark2":"#ab0000","sapUiChartPaletteSemanticCriticalLight3":"#7b7b00","sapUiChartPaletteSemanticCriticalLight2":"#7b7b00","sapUiChartPaletteSemanticCriticalLight1":"#5c5c00","sapUiChartPaletteSemanticCritical":"#5c5c00","sapUiChartPaletteSemanticCriticalDark1":"#5c5c00","sapUiChartPaletteSemanticCriticalDark2":"#5c5c00","sapUiChartPaletteSemanticGoodLight3":"#008785","sapUiChartPaletteSemanticGoodLight2":"#008785","sapUiChartPaletteSemanticGoodLight1":"#006362","sapUiChartPaletteSemanticGood":"#006362","sapUiChartPaletteSemanticGoodDark1":"#006362","sapUiChartPaletteSemanticGoodDark2":"#006362","sapUiChartPaletteSemanticNeutralLight3":"#666666","sapUiChartPaletteSemanticNeutralLight2":"#666666","sapUiChartPaletteSemanticNeutralLight1":"#000000","sapUiChartPaletteSemanticNeutral":"#000000","sapUiChartPaletteSemanticNeutralDark1":"#000000","sapUiChartPaletteSemanticNeutralDark2":"#000000","sapUiChartPaletteSequentialHue1Light3":"#067fb7","sapUiChartPaletteSequentialHue1Light2":"#067fb7","sapUiChartPaletteSequentialHue1Light1":"#005e8a","sapUiChartPaletteSequentialHue1":"#005e8a","sapUiChartPaletteSequentialHue1Dark1":"#005e8a","sapUiChartPaletteSequentialHue1Dark2":"#005e8a","sapUiChartPaletteSequentialHue2Light3":"#000000","sapUiChartPaletteSequentialHue2Light2":"#000000","sapUiChartPaletteSequentialHue2Light1":"#515e2f","sapUiChartPaletteSequentialHue2":"#515e2f","sapUiChartPaletteSequentialHue2Dark1":"#515e2f","sapUiChartPaletteSequentialHue2Dark2":"#515e2f","sapUiChartPaletteSequentialHue3Light3":"#a66a00","sapUiChartPaletteSequentialHue3Light2":"#a66a00","sapUiChartPaletteSequentialHue3Light1":"#3d2a08","sapUiChartPaletteSequentialHue3":"#3d2a08","sapUiChartPaletteSequentialHue3Dark1":"#3d2a08","sapUiChartPaletteSequentialHue3Dark2":"#3d2a08","sapUiChartPaletteSequentialNeutralLight3":"#666666","sapUiChartPaletteSequentialNeutralLight2":"#666666","sapUiChartPaletteSequentialNeutralLight1":"#000000","sapUiChartPaletteSequentialNeutral":"#000000","sapUiChartPaletteSequentialNeutralDark1":"#000000","sapUiChartPaletteSequentialNeutralDark2":"#000000","sapUiChoroplethBG":"#ffffff","sapUiChoroplethRegionBorder":"#ffffff","sapUiChoroplethRegionBG":"#666666","sapUiMapLegendBG":"#ffffff","sapUiMapLegendBorderColor":"#000000","sapUiShellHoverBackground":"#ec8b46","sapUiShellActiveBackground":"#ec8b46","sapUiShellActiveTextColor":"#000000","sapUiShellHoverToggleBackground":"#8fb5ff","sapUiShellContainerBackground":"#ffffff","sapUiShellAltContainerBackground":"#ffffff","sapUiUx3ShellHeaderColor":"#ffffff","sapUiUx3ShellBackgroundColor":"#ffffff","sapUiUx3ShellHoverColor":"#ec8b46","sapUiUx3ShellGradientBottom":"#ffffff","sapUiUx3ShellGradientTop":"#ffffff","sapUiUx3ShellToolPaletteIconFontColor":"#000000","sapUiUx3ExactLstExpandOffset":"-1 -2","sapUiUx3ExactLstRootExpandOffset":"0 3","sapUiUx3ExactLstContentTop":"25px","sapUiLinkActive":"#000000","sapUiLinkVisited":"#000000","sapUiLinkHover":"#000000","sapUiLinkInverted":"#000000","sapUiNotificationBarBG":"#ffffff","sapUiNotifierSeparator":"#000000","sapUiNotifierSeparatorWidth":"1px","sapUiNotificationBarBorder":"#000000","sapUiUx3ToolPopupInverted":"false","sapUiUx3ToolPopupArrowRightMarginCorrection":"-1px","sapUiUx3ToolPopupShadow":"0 0.625rem 2rem 0 rgba(0, 0, 0, 0.5), 0 0 0 2px #000000","sapUiCalloutShadow":"0 0.625rem 2rem 0 rgba(0, 0, 0, 0.5), 0 0 0 2px #000000","sapUiButtonIconColor":"#000000","sapUiButtonActiveBackground":"#ec8b46","sapUiButtonActiveBorderColor":"#000000","sapUiButtonActiveTextColor":"#000000","sapUiButtonEmphasizedHoverBackground":"#ec8b46","sapUiButtonEmphasizedHoverBorderColor":"#000000","sapUiButtonEmphasizedActiveBackground":"#ec8b46","sapUiButtonEmphasizedActiveBorderColor":"#000000","sapUiButtonEmphasizedTextShadow":"none","sapUiButtonAcceptBorderColor":"#000000","sapUiButtonAcceptHoverBackground":"#ec8b46","sapUiButtonAcceptHoverBorderColor":"#000000","sapUiButtonAcceptActiveBackground":"#ec8b46","sapUiButtonAcceptActiveBorderColor":"#000000","sapUiButtonAcceptTextColor":"#000000","sapUiButtonRejectBorderColor":"#000000","sapUiButtonRejectHoverBackground":"#ec8b46","sapUiButtonRejectHoverBorderColor":"#000000","sapUiButtonRejectActiveBackground":"#ec8b46","sapUiButtonRejectActiveBorderColor":"#000000","sapUiButtonRejectTextColor":"#000000","sapUiButtonLiteBackground":"#ffffff","sapUiButtonLiteBorderColor":"#000000","sapUiButtonLiteTextColor":"#000000","sapUiButtonLiteHoverBackground":"#ec8b46","sapUiButtonLiteHoverBorderColor":"#000000","sapUiButtonLiteActiveBackground":"#ec8b46","sapUiButtonLiteActiveBorderColor":"#000000","sapUiButtonHeaderTextColor":"#000000","sapUiButtonHeaderDisabledTextColor":"#888888","sapUiButtonFooterTextColor":"#000000","sapUiButtonFooterHoverBackground":"#ec8b46","sapUiButtonActionSelectBackground":"#ffffff","sapUiButtonActionSelectBorderColor":"#585858","sapUiButtonLiteActionSelectHoverBackground":"#ec8b46","sapUiToggleButtonPressedBackground":"#8fb5ff","sapUiToggleButtonPressedBorderColor":"#000000","sapUiToggleButtonPressedTextColor":"#000000","sapUiToggleButtonPressedHoverBackground":"#ec8b46","sapUiToggleButtonPressedHoverBorderColor":"#000000","sapUiSegmentedButtonBackground":"#ffffff","sapUiSegmentedButtonBorderColor":"#000000","sapUiSegmentedButtonTextColor":"#000000","sapUiSegmentedButtonHoverBackground":"#ec8b46","sapUiSegmentedButtonActiveBackground":"#ec8b46","sapUiSegmentedButtonActiveTextColor":"#000000","sapUiSegmentedButtonSelectedBackground":"#8fb5ff","sapUiSegmentedButtonSelectedTextColor":"#000000","sapUiSegmentedButtonSelectedHoverBackground":"#ec8b46","sapUiSegmentedButtonSelectedHoverBorderColor":"#000000","sapUiSegmentedButtonIconColor":"#000000","sapUiSegmentedButtonActiveIconColor":"#000000","sapUiSegmentedButtonSelectedIconColor":"#000000","sapUiSegmentedButtonFooterBorderColor":"#000000","sapUiSegmentedButtonFooterHoverBackground":"#ec8b46","sapUiFieldActiveBackground":"#ec8b46","sapUiFieldActiveBorderColor":"#000000","sapUiFieldActiveTextColor":"#000000","sapUiFieldPlaceholderTextColor":"#585858","sapUiListTextColor":"#000000","sapUiListVerticalBorderColor":"#000000","sapUiListActiveBackground":"#ec8b46","sapUiListActiveTextColor":"#000000","sapUiListSelectionHoverBackground":"#ec8b46","sapUiListFooterBackground":"#ffffff","sapUiListFooterTextColor":"#000000","sapUiListGroupHeaderBackground":"#b3b3b3","sapUiListTableGroupHeaderBackground":"#ffffff","sapUiListTableGroupHeaderBorderColor":"#000000","sapUiListTableGroupHeaderTextColor":"#000000","sapUiListTableFooterBorder":"#000000","sapUiListTableFixedBorder":"#000000","sapUiListTableTextSize":"0.875rem","sapUiListTableIconSize":"1rem","sapUiPageFooterBorderColor":"#000000","sapUiInfobarHoverBackground":"#ec8b46","sapUiInfobarActiveBackground":"#ec8b46","sapUiObjectHeaderBorderColor":"#000000","sapUiCalendarColorToday":"#000000","sapUiDragAndDropColor":"#000000","sapUiDragAndDropBackground":"#ffffff","sapUiDragAndDropBorderColor":"#000000","sapUiDragAndDropActiveColor":"#006500","sapUiDragAndDropActiveBackground":"#ffffff","sapUiDragAndDropActiveBorderColor":"#006500","sapUiShadowLevel0":"0 0 0 1px #000000","sapUiShadowLevel1":"0 0.125rem 1rem 0 rgba(0, 0, 0, 0.4), 0 0 0 2px #000000","sapUiShadowLevel2":"0 0.625rem 2rem 0 rgba(0, 0, 0, 0.5), 0 0 0 2px #000000","sapUiShadowLevel3":"0 1.25rem 4rem 0 rgba(0, 0, 0, 0.7), 0 0 0 2px #000000","sapUiShadowText":"none","sapUiShadowHeader":"inset 0 -0.125rem #000000","sapUiUx3ShellHeaderImageURL":"","sapUiUx3ShellApplicationImageURL":"none","sapUiPurple":"#800080","sapUiOrange":"#ffa500","sapUiGreen":"#008000","sapUiBlue":"#0000ff","sapUiRed":"#ff0000","sapUiYellow":"#ffff00","sapUiBase":"#000000","sapUiBaseBorder":"#000000","sapUiBaseLine":"#000000","sapUiWhite":"#ffffff","sapUiWhiteBG":"#ffffff","sapUiExtraLightBG":"#ffffff","sapUiLightBG":"#d3d3d3","sapUiMediumBG":"#808080","sapUiDarkBG":"#a9a9a9","sapUiDeepBG":"#000000","sapUiBlackBG":"#000000","sapUiHoverBG":"#808080","sapUiMediumAltBG":"#808080","sapUiDarkAltBG":"#a9a9a9","sapUiButtonStandardBG":"#ffffff","sapUiButtonEmphasizedBG":"#ffff00","sapUiButtonNegativeBG":"#ff0000","sapUiButtonPositiveBG":"#008000","sapUiReadOnlyBG":"#808080","sapUiExtraLightText":"#d3d3d3","sapUiLightText":"#d3d3d3","sapUiMediumText":"#808080","sapUiDarkText":"#a9a9a9","sapUiDeepText":"#000000","sapUiText":"#000000","sapUiTextInverted":"#ffffff","sapUiWhiteBorder":"#ffffff","sapUiExtraLightBorder":"#d3d3d3","sapUiLightBorder":"#808080","sapUiMediumBorder":"#000000","sapUiDarkBorder":"#000000","sapUiBlackBorder":"#000000","sapUiElement":"#d3d3d3","sapUiInvertedElement":"#ffffff","sapUiLightLine":"#d3d3d3","sapUiMediumLine":"#808080","sapUiEmphasizedLine":"#ec8b46","sapUiDarkLine":"#a9a9a9","sapUiLightShadowTint":"#ffffff","sapUiDarkShadowTint":"#000000","sapUiFocus":"#000000","sapUiInvertedFocus":"#ffffff","sapUiTableRowBG":"#ffffff","sapUiTableRowAlternatingBG":"#ffffff","sapUiTableRowSelectionBG":"#ec8b46","sapUiTableRowSelectionReadOnlyBG":"#ec8b46","sapUiTableRowHoverBG":"#808080","sapUiListBG":"#f7f7f7","sapUiTextColor":"#008000","sapUiTextTitleColor":"#008000","sapUiTextSelectionColor":"#008000","sapUiTextDisabled":"#999999","sapUiTextSelection":"#ffffff","sapUiTextfieldBackground":"#ffffff","sapUiFontMonospaceFamily":"Lucida Console","sapUiUx3ShellSideBarBaseWidth":"40px","sapUiUx3ShellPaneOverflowButtonHeight":"120px","sapUiUx3ExactLstCollapseWidth":"24px","sapUiUx3ExactLstHeaderHeight":"25px","sapUiNotificationBarBG_IE":"#808080","sapUiNotifierHoverColor":"#ec8b46","sapUiNotificationText":"#000000","sapUiNotificationTimestamp":"#545454","sapUiNotificationBarCalloutBorder":"rgba(128, 128, 128, 0)","sapUiNotificationBarCalloutBorder_IE":"#808080","sapUiNotificationBarCalloutArr":"#ffffff","sapUiNotificationBarHeight":"40px","sapUiNotificationBarHeightMinimized":"0px","sapUiNotificationBarHeightMaximized":"40%","sapUiNotifierWidth":"40px","sapUiRIIconPaddingXS":"1px","sapUiRIIconPaddingS":"0.125rem","sapUiRIIconPaddingM":"0.1875rem","sapUiRIIconPaddingL":"0.25rem","sapUiRIIconPaddingCozy":"0.1875rem","sapUiRIIconPaddingCompact":"0.125rem","sapUiRIIconPaddingCondensed":"0.125rem","sapUiRIIconPaddingDisplayOnly":"0.125rem","sapUiRIIconSizeCozy":"1.375rem","sapUiRIIconSizeCompact":"1rem","sapUiRIIconSizeCondensed":"1rem","sapUiRIIconSizeDisplayOnly":"1rem","sapUiUx3ToolPopupArrowWidth":"13px","sapUiUx3ToolPopupArrowHeight":"24px","sapUiUx3ToolPopupArrowRightMarginCorrectionInverted":"-7px","sapUiUx3TPPaddingBottom":"50px","sapUiButtonEmphasizedDisabledBorderColor":"#000000","sapUiButtonEmphasizedDisabledBackground":"#ffffff","sapUiButtonAcceptDisabledBorderColor":"#000000","sapUiButtonAcceptDisabledBackground":"#ffffff","sapUiButtonRejectDisabledBorderColor":"#000000","sapUiButtonRejectDisabledBackground":"#ffffff","sapUiToggleButtonPressedDisabledBackground":"#8fb5ff","sapUiToggleButtonPressedDisabledBorderColor":"#000000","sapUiToggleButtonPressedDisabledTextColor":"#bfbfbf","sapUiPositiveBG":"#006362","sapUiShadowTint":"#000000","sapUiShadow":"5px 5px 10px rgba(0, 0, 0, 0.5)","sapUiThemeDesignerCustomCss":"false","sapUiMarginTiny":"0.5rem","sapUiMarginSmall":"1rem","sapUiMarginMedium":"2rem","sapUiMarginLarge":"3rem","sapUiEscapedEmptyString":"","sapUiLightBoxMagnifyingGlassBorder":"1px solid #000000","sapUiLightBoxMagnifyingGlassBackgroundColor":"#ffffff","_sap_ui_rta_Overlay_ActiveBG":"rgba(0, 76, 203, 0.4)","_sap_ui_rta_Overlay_BaseBG":"#ffffff","_sap_ui_rta_Overlay_Border":"#004ccb","_sap_ui_rta_Overlay_HoverBG":"rgba(0, 76, 203, 0.4)","_sap_ui_rta_Overlay_ActiveHoverBG":"rgba(143, 181, 255, 0.2)","sapBackgroundColorDefault":"#ffffff","sapHC_StandardBackground":"#ffffff","sapHC_HighlightBackground":"#ec8b46","sapHC_HighlightAltBackground":"#8fb5ff","sapHC_ReducedBackground":"#b3b3b3","sapHC_ReducedAltBackground":"#4d4d4d","sapHC_StandardForeground":"#000000","sapHC_EnhancedForeground":"#006500","sapHC_ReducedForeground":"#888888","sapHC_ReducedAltForeground":"#585858","sapHC_NegativeColor":"#ab0000","sapHC_CriticalColor":"#5c5c00","sapHC_PositiveColor":"#006362","sapHC_NeutralColor":"#000000","sapAccentColor1":"#5f5800","sapAccentColor2":"#5e4101","sapAccentColor3":"#973333","sapAccentColor4":"#961d7c","sapAccentColor5":"#365892","sapAccentColor6":"#004ccb","sapAccentColor7":"#105b5b","sapAccentColor8":"#26340b","sapErrorBackground":"#ffffff","sapWarningBackground":"#ffffff","sapSuccessBackground":"#ffffff","sapNeutralBackground":"#ffffff","sapErrorBorderColor":"#ab0000","sapWarningBorderColor":"#5c5c00","sapSuccessBorderColor":"#006362","sapNegativeTextColor":"#ab0000","sapCriticalTextColor":"#5c5c00","sapPositiveTextColor":"#006362","sapNeutralTextColor":"#000000","sapErrorColor":"#ab0000","sapWarningColor":"#5c5c00","sapSuccessColor":"#006362","sapShell_BackgroundPatternColor":"#ffffff","sapUiShellBackgroundPatternColor":"#ffffff","sapUiHcStandardBackground":"#ffffff","sapUiHcHighlightBackground":"#ec8b46","sapUiHcHighlightAltBackground":"#8fb5ff","sapUiHcReducedBackground":"#b3b3b3","sapUiHcReducedAltBackground":"#4d4d4d","sapUiHcStandardForeground":"#000000","sapUiHcEnhancedForeground":"#006500","sapUiHcReducedForeground":"#888888","sapUiHcReducedAltForeground":"#585858","sapUiHcNegativeColor":"#ab0000","sapUiHcCriticalColor":"#5c5c00","sapUiHcPositiveColor":"#006362","sapUiHcNeutralColor":"#000000","sapHCStandardFG":"#000000","sapHCStandardBG":"#ffffff"}