{"sapBrandColor":"#7a5100","sapHighlightColor":"#7a5100","sapBaseColor":"#000000","sapShellColor":"#000000","sapBackgroundColor":"#000000","sapFontFamily":"\"72-Web\", Arial, Helvetica, sans-serif","sapFontSize":"0.75em","sapTextColor":"#ffffff","sapLinkColor":"#ffffff","sapCompanyLogo":"none","sapBackgroundImage":"none","sapBackgroundImageOpacity":"1","sapBackgroundImageRepeat":"false","sapSelectedColor":"#0f5d94","sapActiveColor":"#7a5100","sapHighlightTextColor":"#ffffff","sapTitleColor":"#ffffff","sapNegativeColor":"#ff5e5e","sapCriticalColor":"#ffab1d","sapPositiveColor":"#99cc99","sapNeutralColor":"#ffffff","sapNegativeElementColor":"#ff5e5e","sapCriticalElementColor":"#ffab1d","sapPositiveElementColor":"#99cc99","sapNeutralElementColor":"#ffffff","sapContent_LineHeight":"1.3","sapContent_ElementHeight":"1.37em","sapContent_ElementHeight_PX":"22px","sapContent_IconHeight":"16px","sapContent_IconColor":"#ffffff","sapContent_ContrastIconColor":"#ffffff","sapContent_NonInteractiveIconColor":"#ffffff","sapContent_MarkerIconColor":"#ffffff","sapContent_FocusColor":"#ffffff","sapContent_ContrastFocusColor":"#ffffff","sapContent_ShadowColor":"#ffffff","sapContent_ContrastShadowColor":"#ffffff","sapContent_SearchHighlightColor":"#7a5100","sapContent_HelpColor":"#03b803","sapContent_LabelColor":"#ffffff","sapContent_MonospaceFontFamily":"lucida console, monospace","sapContent_DisabledTextColor":"#666666","sapContent_DisabledOpacity":"0.5","sapContent_ContrastTextThreshold":"0.65","sapContent_ContrastTextColor":"#ffffff","sapContent_ForegroundColor":"#000000","sapContent_ForegroundBorderColor":"#ffffff","sapContent_ForegroundTextColor":"#ffffff","sapShell_Background":"#000000","sapShell_BackgroundImage":"#000000","sapShell_BackgroundGradient":"#000000","sapShell_BackgroundImageOpacity":"1","sapShell_BackgroundImageRepeat":"false","sapShell_BorderColor":"#ffffff","sapShell_TextColor":"#ffffff","sapShell_Favicon":"none","sapButton_BorderWidth":"1px","sapButton_BorderCornerRadius":"6px","sapButton_Background":"#000000","sapButton_BorderColor":"#ffffff","sapButton_TextColor":"#ffffff","sapButton_Disabled_Background":"#ffffff","sapButton_Disabled_BorderColor":"#666666","sapButton_Disabled_TextColor":"#666666","sapButton_Hover_Background":"#7a5100","sapButton_Hover_BorderColor":"#ffffff","sapButton_Hover_TextColor":"#ffffff","sapButton_Emphasized_Background":"#000000","sapButton_Emphasized_BorderColor":"#ffffff","sapButton_Emphasized_TextColor":"#ffffff","sapButton_Reject_Background":"#000000","sapButton_Accept_Background":"#000000","sapField_Background":"#000000","sapField_BorderColor":"#ffffff","sapField_TextColor":"#ffffff","sapField_HelpBackground":"#000000","sapField_BorderWidth":"1px","sapField_BorderCornerRadius":"0","sapField_Hover_Background":"#000000","sapField_Hover_BorderColor":"#ffffff","sapField_Hover_HelpBackground":"#000000","sapField_Focus_Background":"#000000","sapField_Focus_BorderColor":"#ffffff","sapField_Focus_HelpBackground":"#000000","sapField_Disabled_Background":"#959595","sapField_Disabled_BorderColor":"#4f4f4f","sapField_Disabled_TextColor":"#666666","sapField_Disabled_HelpBackground":"#959595","sapField_ReadOnly_Background":"#585858","sapField_ReadOnly_BorderColor":"#999999","sapField_ReadOnly_HelpBackground":"#585858","sapField_RequiredColor":"#ffffff","sapField_InvalidColor":"#ffffff","sapField_InvalidBackground":"#7a5100","sapField_WarningColor":"#ffffff","sapField_WarningBackground":"#000000","sapField_SuccessColor":"#ffffff","sapField_SuccessBackground":"#000000","sapGroup_TitleBackground":"#000000","sapGroup_TitleBorderColor":"#ffffff","sapGroup_TitleTextColor":"#ffffff","sapGroup_Title_FontSize":"1em","sapGroup_ContentBackground":"#000000","sapGroup_ContentBorderColor":"#ffffff","sapGroup_BorderWidth":"1px","sapGroup_BorderCornerRadius":"0","sapGroup_FooterBackground":"#000000","sapToolbar_Background":"#000000","sapToolbar_SeparatorColor":"#ffffff","sapList_HeaderBackground":"#000000","sapList_HeaderBorderColor":"#ffffff","sapList_HeaderTextColor":"#ffffff","sapList_BorderColor":"#999999","sapList_BorderWidth":"1px","sapList_HighlightColor":"#7a5100","sapList_SelectionBackgroundColor":"#0f5d94","sapList_Background":"#000000","sapList_Hover_Background":"#7a5100","sapScrollBar_FaceColor":"#999999","sapScrollBar_TrackColor":"#000000","sapScrollBar_BorderColor":"#999999","sapScrollBar_SymbolColor":"#ffffff","sapScrollBar_Dimension":"16px","sapScrollBar_Hover_FaceColor":"#ffffff","sapPageHeader_Background":"#000000","sapPageHeader_BorderColor":"#ffffff","sapPageHeader_TextColor":"#ffffff","sapPageFooter_Background":"#000000","sapPageFooter_TextColor":"#ffffff","sapInfobar_Background":"#000000","sapObjectHeader_Background":"#000000","sapBlockLayer_Background":"#000000","sapTile_Background":"#000000","sapTile_BorderColor":"#ffffff","sapTile_TitleTextColor":"#ffffff","sapTile_TextColor":"#ffffff","sapTile_IconColor":"#ffffff","sapChart_OrderedColor_1":"#30a7df","sapChart_OrderedColor_2":"#a3ce2f","sapChart_OrderedColor_3":"#f8b033","sapChart_OrderedColor_4":"#cb73b8","sapChart_OrderedColor_5":"#efc619","sapChart_OrderedColor_6":"#b9b088","sapChart_OrderedColor_7":"#30a7df","sapChart_OrderedColor_8":"#a3ce2f","sapChart_OrderedColor_9":"#f8b033","sapChart_OrderedColor_10":"#cb73b8","sapChart_OrderedColor_11":"#efc619","sapChart_Bad":"#ff5e5e","sapChart_Critical":"#ffab1d","sapChart_Good":"#99cc99","sapChart_Neutral":"#ffffff","sapChart_Sequence_1":"#5cbae5","sapChart_Sequence_2":"#c6e17d","sapChart_Sequence_3":"#ffab1d","sapChart_Sequence_Neutral":"#ffffff","sapUiBrand":"#7a5100","sapUiHighlight":"#7a5100","sapUiBaseColor":"#000000","sapUiShellColor":"#000000","sapUiBaseBG":"#000000","sapUiGlobalBackgroundColor":"#000000","sapUiBaseText":"#ffffff","sapUiLink":"#ffffff","sapUiGlobalLogo":"none","sapUiGlobalBackgroundImage":"none","sapUiBackgroundImage":"none","sapUiUx3ShellBackgroundImageURL":"none","sapUiGlobalBackgroundImageOpacity":"1","sapUiGlobalBackgroundRepeat":"false","sapUiSelected":"#0f5d94","sapUiActive":"#7a5100","sapUiHighlightTextColor":"#ffffff","sapUiTextTitle":"#ffffff","sapUiContentIconColor":"#ffffff","sapUiContentContrastIconColor":"#ffffff","sapUiContentNonInteractiveIconColor":"#ffffff","sapUiContentMarkerIconColor":"#ffffff","sapUiContentMarkerTextColor":"#ffffff","sapUiContentImagePlaceholderBackground":"#000000","sapUiContentImagePlaceholderForegroundColor":"#999999","sapUiContentFocusColor":"#ffffff","sapUiContentContrastFocusColor":"#ffffff","sapUiContentShadowColor":"#ffffff","sapUiContentContrastShadowColor":"#ffffff","sapUiContentSearchHighlightColor":"#7a5100","sapUiContentHelpColor":"#03b803","sapUiContentLabelColor":"#ffffff","sapUiContentDisabledTextColor":"#666666","sapUiContentDisabledOpacity":"0.5","sapUiContentContrastTextThreshold":"0.65","sapUiContentContrastTextColor":"#ffffff","sapUiContentForegroundColor":"#000000","sapUiContentForegroundBorderColor":"#ffffff","sapUiContentForegroundTextColor":"#ffffff","sapUiShellBackground":"#000000","sapUiShellBackgroundImage":"#000000","sapUiShellBackgroundImageOpacity":"1","sapUiShellBackgroundImageRepeat":"false","sapUiShellBackgroundGradient":"#000000","sapUiShellBorderColor":"#ffffff","sapUiShellTextColor":"#ffffff","sapUiShellFavicon":"none","sapUiButtonBackground":"#000000","sapUiButtonBorderColor":"#ffffff","sapUiButtonTextColor":"#ffffff","sapUiButtonDisabledBackground":"#ffffff","sapUiButtonDisabledBorderColor":"#666666","sapUiButtonDisabledTextColor":"#666666","sapUiButtonHoverBackground":"#7a5100","sapUiButtonHoverBorderColor":"#ffffff","sapUiButtonHoverTextColor":"#ffffff","sapUiButtonEmphasizedBackground":"#000000","sapUiButtonEmphasizedBorderColor":"#ffffff","sapUiButtonEmphasizedTextColor":"#ffffff","sapUiButtonRejectBackground":"#000000","sapUiButtonAcceptBackground":"#000000","sapUiFieldBackground":"#000000","sapUiFieldBorderColor":"#ffffff","sapUiFieldTextColor":"#ffffff","sapUiFieldHelpBackground":"#000000","sapUiFieldHoverBackground":"#000000","sapUiFieldHoverBorderColor":"#ffffff","sapUiFieldHoverHelpBackground":"#000000","sapUiFieldFocusBackground":"#000000","sapUiFieldFocusBorderColor":"#ffffff","sapUiFieldFocusHelpBackground":"#000000","sapUiFieldReadOnlyBackground":"#585858","sapUiFieldReadOnlyBorderColor":"#999999","sapUiFieldReadOnlyHelpBackground":"#585858","sapUiFieldDisabledBackground":"#959595","sapUiFieldDisabledBorderColor":"#4f4f4f","sapUiFieldDisabledTextColor":"#666666","sapUiFieldDisabledHelpBackground":"#959595","sapUiFieldRequiredColor":"#ffffff","sapUiFieldInvalidColor":"#ffffff","sapUiFieldInvalidBackground":"#7a5100","sapUiFieldWarningColor":"#ffffff","sapUiFieldWarningBackground":"#000000","sapUiFieldSuccessColor":"#ffffff","sapUiFieldSuccessBackground":"#000000","sapUiGroupTitleBackground":"#000000","sapUiGroupTitleBorderColor":"#ffffff","sapUiGroupTitleTextColor":"#ffffff","sapUiGroupContentBackground":"#000000","sapUiGroupContentBorderColor":"#ffffff","sapUiGroupFooterBackground":"#000000","sapUiToolbarBackground":"#000000","sapUiToolbarSeparatorColor":"#ffffff","sapUiListHeaderBackground":"#000000","sapUiListHeaderBorderColor":"#ffffff","sapUiListHeaderTextColor":"#ffffff","sapUiListBorderColor":"#999999","sapUiListHighlightColor":"#7a5100","sapUiListSelectionBackgroundColor":"#0f5d94","sapUiListBackground":"#000000","sapUiListHoverBackground":"#7a5100","sapUiScrollBarFaceColor":"#999999","sapUiScrollBarTrackColor":"#000000","sapUiScrollBarBorderColor":"#999999","sapUiScrollBarSymbolColor":"#ffffff","sapUiScrollBarHoverFaceColor":"#ffffff","sapUiPageHeaderBackground":"#000000","sapUiPageHeaderBorderColor":"#ffffff","sapUiPageHeaderTextColor":"#ffffff","sapUiPageFooterBackground":"#000000","sapUiPageFooterTextColor":"#ffffff","sapUiInfobarBackground":"#000000","sapUiObjectHeaderBackground":"#000000","sapUiBlockLayerBackground":"#000000","sapUiTileBackground":"#000000","sapUiTileBorderColor":"#ffffff","sapUiTileTitleTextColor":"#ffffff","sapUiTileTextColor":"#ffffff","sapUiTileIconColor":"#ffffff","sapUiChart1":"#30a7df","sapUiChart2":"#a3ce2f","sapUiChart3":"#f8b033","sapUiChart4":"#cb73b8","sapUiChart5":"#efc619","sapUiChart6":"#b9b088","sapUiChart7":"#30a7df","sapUiChart8":"#a3ce2f","sapUiChart9":"#f8b033","sapUiChart10":"#cb73b8","sapUiChart11":"#efc619","sapUiChartBad":"#ff5e5e","sapUiChartCritical":"#ffab1d","sapUiChartGood":"#99cc99","sapUiChartNeutral":"#ffffff","sapUiChartSequence1":"#5cbae5","sapUiChartSequence2":"#c6e17d","sapUiChartSequence3":"#ffab1d","sapUiChartSequenceNeutral":"#ffffff","sapUiAccent1":"#ffc847","sapUiAccent2":"#ed884a","sapUiAccent3":"#db9292","sapUiAccent4":"#e269c9","sapUiAccent5":"#8ca7d5","sapUiAccent6":"#6bd3ff","sapUiAccent7":"#7fc6c6","sapUiAccent8":"#b2e484","sapUiErrorBG":"#000000","sapUiWarningBG":"#000000","sapUiSuccessBG":"#000000","sapUiNeutralBG":"#000000","sapUiErrorBorder":"#ff5e5e","sapUiWarningBorder":"#ffab1d","sapUiSuccessBorder":"#99cc99","sapUiNeutralBorder":"#ffffff","sapUiNegativeElement":"#ff5e5e","sapUiCriticalElement":"#ffab1d","sapUiPositiveElement":"#99cc99","sapUiNeutralElement":"#ffffff","sapUiNegativeText":"#ff5e5e","sapUiCriticalText":"#ffab1d","sapUiPositiveText":"#99cc99","sapUiNeutralText":"#ffffff","sapUiNegative":"#ff5e5e","sapUiCritical":"#ffab1d","sapUiPositive":"#99cc99","sapUiNeutral":"#ffffff","sapUiErrorColor":"#ff9191","sapUiWarningColor":"#ffbe50","sapUiSuccessColor":"#bbddbb","sapUiFontFamily":"\"72-Web\", Arial, Helvetica, sans-serif","sapUiFontSize":"16px","sapUiFontCondensedFamily":"'Arial Narrow', HelveticaNeue-CondensedBold, Arial, sans-serif","sapUiFontHeaderFamily":"\"72-Web\", Arial, Helvetica, sans-serif","sapUiFontHeaderWeight":"normal","sapMFontHeader1Size":"1.625rem","sapMFontHeader2Size":"1.375rem","sapMFontHeader3Size":"1.25rem","sapMFontHeader4Size":"1.125rem","sapMFontHeader5Size":"1rem","sapMFontHeader6Size":"0.875rem","sapMFontSmallSize":"0.75rem","sapMFontMediumSize":"0.875rem","sapMFontLargeSize":"1rem","sapUiTranslucentBGOpacity":"100%","sapMPlatformDependent":"false","sapUiDesktopFontFamily":"\"72-Web\", Arial, Helvetica, sans-serif","sapUiDesktopFontSize":"12px","sapUiFontLargeSize":"13px","sapUiFontSmallSize":"11px","sapUiFontHeader1Size":"26px","sapUiFontHeader2Size":"20px","sapUiFontHeader3Size":"18px","sapUiFontHeader4Size":"16px","sapUiFontHeader5Size":"14px","sapUiFontHeader6Size":"13px","sapUiLineHeight":"18px","sapUiChartLabelHoverColor":"#7a5100","sapUiChartLabelPressedColor":"#7a5100","sapUiChartCategoryAxisLabelFontColor":"#ffffff","sapUiChartValueAxisLabelFontColor":"#ffffff","sapUiChartCategoryAxisLabelFontSize":"0.75rem","sapUiChartValueAxisLabelFontSize":"0.75rem","sapUiChartCategoryAxisLineColor":"#ffffff","sapUiChartValueAxisLineColor":"#ffffff","sapUiChartCategoryAxisTickColor":"#ffffff","sapUiChartValueAxisTickColor":"#ffffff","sapUiChartBackgroundColor":"#000000","sapUiChartLabelFontWeight":"normal","sapUiChartLegendLabelFontColor":"#ffffff","sapUiChartLegendTitleFontColor":"#ffffff","sapUiChartLegendTitleFontSize":"0.875rem","sapUiChartLegendLabelFontSize":"0.75rem","sapUiChartPaletteUndefinedColor":"#ffffff","sapUiChartGridlineColor":"#999999","sapUiChartReferenceLineColor":"#ffffff","sapUiChartDataLabelFontColor":"#ffffff","sapUiChartReferenceLineLabelColor":"#ffffff","sapUiChartDataLabelFontSize":"0.75rem","sapUiChartPopoverDataItemFontColor":"#ffffff","sapUiChartPopoverGroupFontColor":"#ffffff","sapUiChartPopoverDataItemFontSize":"0.875rem","sapUiChartPopoverGroupFontSize":"0.875rem","sapUiChartPopoverGroupFontWeight":"bold","sapUiChartScrollBarThumbColor":"#999999","sapUiChartScrollBarTrackColor":"#000000","sapUiChartScrollBarThumbHoverColor":"#ffffff","sapUiChartMainTitleFontColor":"#ffffff","sapUiChartAxisTitleFontColor":"#ffffff","sapUiChartMainTitleFontSize":"1rem","sapUiChartAxisTitleFontSize":"0.875rem","sapUiChartTitleFontWeight":"bold","sapUiChartLightText":"#ffffff","sapUiChartZeroAxisColor":"#ffffff","sapUiChartDataPointBorderColor":"#000000","sapUiChartDataPointBorderHoverSelectedColor":"#ffffff","sapUiChartDataPointNotSelectedBackgroundOpacity":"0.7","sapUiChartValueAxisLineOpacity":"0","sapUiChartCategoryAxisLabelFontHoverColor":"#ffffff","sapUiChartCategoryAxisLabelFontPressedColor":"#ffffff","sapUiChartTargetColor":"#ffffff","sapUiChartTargetShadowColor":"#000000","sapUiChartBubbleBGOpacity":"0.9","sapUiChartScrollbarBorderColor":"#999999","sapUiChartScrollbarBorderSize":"1px","sapUiChartScrollbarThumbPadding":"0.125rem","sapUiChartNegativeLargeText":"#ff5e5e","sapUiChartCriticalLargeText":"#ffab1d","sapUiChartPositiveLargeText":"#99cc99","sapUiChartNeutralLargeText":"#ffffff","sapUiChartDataPointBG":"#000000","sapUiChartDataPointBGBorderColor":"#ffffff","sapUiChartDataLineColorWithBG":"#ffffff","sapUiChartDataLineColor":"#ffffff","sapUiChartRadialRemainingCircle":"#000000","sapUiChartRadialRemainingCircleBorderColor":"#ffffff","sapUiChartRadialBG":"#000000","sapUiChartPaletteQualitativeHue1":"#30a7df","sapUiChartPaletteQualitativeHue2":"#a3ce2f","sapUiChartPaletteQualitativeHue3":"#f8b033","sapUiChartPaletteQualitativeHue4":"#cb73b8","sapUiChartPaletteQualitativeHue5":"#efc619","sapUiChartPaletteQualitativeHue6":"#b9b088","sapUiChartPaletteQualitativeHue7":"#30a7df","sapUiChartPaletteQualitativeHue8":"#a3ce2f","sapUiChartPaletteQualitativeHue9":"#f8b033","sapUiChartPaletteQualitativeHue10":"#cb73b8","sapUiChartPaletteQualitativeHue11":"#efc619","sapUiChartPaletteSemanticBadLight3":"#db3535","sapUiChartPaletteSemanticBadLight2":"#db3535","sapUiChartPaletteSemanticBadLight1":"#ff5e5e","sapUiChartPaletteSemanticBad":"#ff5e5e","sapUiChartPaletteSemanticBadDark1":"#ff5e5e","sapUiChartPaletteSemanticBadDark2":"#ff5e5e","sapUiChartPaletteSemanticCriticalLight3":"#b67200","sapUiChartPaletteSemanticCriticalLight2":"#b67200","sapUiChartPaletteSemanticCriticalLight1":"#ffab1d","sapUiChartPaletteSemanticCritical":"#ffab1d","sapUiChartPaletteSemanticCriticalDark1":"#ffab1d","sapUiChartPaletteSemanticCriticalDark2":"#ffab1d","sapUiChartPaletteSemanticGoodLight3":"#5e975e","sapUiChartPaletteSemanticGoodLight2":"#5e975e","sapUiChartPaletteSemanticGoodLight1":"#99cc99","sapUiChartPaletteSemanticGood":"#99cc99","sapUiChartPaletteSemanticGoodDark1":"#99cc99","sapUiChartPaletteSemanticGoodDark2":"#99cc99","sapUiChartPaletteSemanticNeutralLight3":"#8c8c8c","sapUiChartPaletteSemanticNeutralLight2":"#8c8c8c","sapUiChartPaletteSemanticNeutralLight1":"#ffffff","sapUiChartPaletteSemanticNeutral":"#ffffff","sapUiChartPaletteSemanticNeutralDark1":"#ffffff","sapUiChartPaletteSemanticNeutralDark2":"#ffffff","sapUiChartPaletteSequentialHue1Light3":"#2382ae","sapUiChartPaletteSequentialHue1Light2":"#2382ae","sapUiChartPaletteSequentialHue1Light1":"#5cbae5","sapUiChartPaletteSequentialHue1":"#5cbae5","sapUiChartPaletteSequentialHue1Dark1":"#5cbae5","sapUiChartPaletteSequentialHue1Dark2":"#5cbae5","sapUiChartPaletteSequentialHue2Light3":"#819e31","sapUiChartPaletteSequentialHue2Light2":"#819e31","sapUiChartPaletteSequentialHue2Light1":"#c6e17d","sapUiChartPaletteSequentialHue2":"#c6e17d","sapUiChartPaletteSequentialHue2Dark1":"#c6e17d","sapUiChartPaletteSequentialHue2Dark2":"#c6e17d","sapUiChartPaletteSequentialHue3Light3":"#b67200","sapUiChartPaletteSequentialHue3Light2":"#b67200","sapUiChartPaletteSequentialHue3Light1":"#ffab1d","sapUiChartPaletteSequentialHue3":"#ffab1d","sapUiChartPaletteSequentialHue3Dark1":"#ffab1d","sapUiChartPaletteSequentialHue3Dark2":"#ffab1d","sapUiChartPaletteSequentialNeutralLight3":"#8c8c8c","sapUiChartPaletteSequentialNeutralLight2":"#8c8c8c","sapUiChartPaletteSequentialNeutralLight1":"#ffffff","sapUiChartPaletteSequentialNeutral":"#ffffff","sapUiChartPaletteSequentialNeutralDark1":"#ffffff","sapUiChartPaletteSequentialNeutralDark2":"#ffffff","sapUiChoroplethBG":"#000000","sapUiChoroplethRegionBorder":"#000000","sapUiChoroplethRegionBG":"#8c8c8c","sapUiMapLegendBG":"#000000","sapUiMapLegendBorderColor":"#ffffff","sapUiShellHoverBackground":"#7a5100","sapUiShellActiveBackground":"#7a5100","sapUiShellActiveTextColor":"#ffffff","sapUiShellHoverToggleBackground":"#0f5d94","sapUiShellContainerBackground":"#000000","sapUiShellAltContainerBackground":"#000000","sapUiUx3ShellHeaderColor":"#000000","sapUiUx3ShellBackgroundColor":"#000000","sapUiUx3ShellHoverColor":"#7a5100","sapUiUx3ShellGradientBottom":"#000000","sapUiUx3ShellGradientTop":"#000000","sapUiUx3ShellToolPaletteIconFontColor":"#ffffff","sapUiUx3ExactLstExpandOffset":"-1 -2","sapUiUx3ExactLstRootExpandOffset":"0 3","sapUiUx3ExactLstContentTop":"25px","sapUiLinkActive":"#ffffff","sapUiLinkVisited":"#ffffff","sapUiLinkHover":"#ffffff","sapUiLinkInverted":"#ffffff","sapUiNotificationBarBG":"#000000","sapUiNotifierSeparator":"#ffffff","sapUiNotifierSeparatorWidth":"1px","sapUiNotificationBarBorder":"#ffffff","sapUiUx3ToolPopupInverted":"false","sapUiUx3ToolPopupArrowRightMarginCorrection":"-1px","sapUiUx3ToolPopupShadow":"0 0.25rem 2rem 0 rgba(255, 255, 255, 0.6), 0 0 0 2px #ffffff","sapUiCalloutShadow":"0 0.25rem 2rem 0 rgba(255, 255, 255, 0.6), 0 0 0 2px #ffffff","sapUiButtonIconColor":"#ffffff","sapUiButtonActiveBackground":"#7a5100","sapUiButtonActiveBorderColor":"#ffffff","sapUiButtonActiveTextColor":"#ffffff","sapUiButtonEmphasizedHoverBackground":"#7a5100","sapUiButtonEmphasizedHoverBorderColor":"#ffffff","sapUiButtonEmphasizedActiveBackground":"#7a5100","sapUiButtonEmphasizedActiveBorderColor":"#ffffff","sapUiButtonEmphasizedTextShadow":"none","sapUiButtonAcceptBorderColor":"#ffffff","sapUiButtonAcceptHoverBackground":"#7a5100","sapUiButtonAcceptHoverBorderColor":"#ffffff","sapUiButtonAcceptActiveBackground":"#7a5100","sapUiButtonAcceptActiveBorderColor":"#ffffff","sapUiButtonAcceptTextColor":"#ffffff","sapUiButtonRejectBorderColor":"#ffffff","sapUiButtonRejectHoverBackground":"#7a5100","sapUiButtonRejectHoverBorderColor":"#ffffff","sapUiButtonRejectActiveBackground":"#7a5100","sapUiButtonRejectActiveBorderColor":"#ffffff","sapUiButtonRejectTextColor":"#ffffff","sapUiButtonLiteBackground":"#000000","sapUiButtonLiteBorderColor":"#ffffff","sapUiButtonLiteTextColor":"#ffffff","sapUiButtonLiteHoverBackground":"#7a5100","sapUiButtonLiteHoverBorderColor":"#ffffff","sapUiButtonLiteActiveBackground":"#7a5100","sapUiButtonLiteActiveBorderColor":"#ffffff","sapUiButtonHeaderTextColor":"#ffffff","sapUiButtonHeaderDisabledTextColor":"#666666","sapUiButtonFooterTextColor":"#ffffff","sapUiButtonFooterHoverBackground":"#7a5100","sapUiButtonActionSelectBackground":"#000000","sapUiButtonActionSelectBorderColor":"#999999","sapUiButtonLiteActionSelectHoverBackground":"#7a5100","sapUiToggleButtonPressedBackground":"#0f5d94","sapUiToggleButtonPressedBorderColor":"#ffffff","sapUiToggleButtonPressedTextColor":"#ffffff","sapUiToggleButtonPressedHoverBackground":"#7a5100","sapUiToggleButtonPressedHoverBorderColor":"#ffffff","sapUiSegmentedButtonBackground":"#000000","sapUiSegmentedButtonBorderColor":"#ffffff","sapUiSegmentedButtonTextColor":"#ffffff","sapUiSegmentedButtonHoverBackground":"#7a5100","sapUiSegmentedButtonActiveBackground":"#7a5100","sapUiSegmentedButtonActiveTextColor":"#ffffff","sapUiSegmentedButtonSelectedBackground":"#0f5d94","sapUiSegmentedButtonSelectedTextColor":"#ffffff","sapUiSegmentedButtonSelectedHoverBackground":"#7a5100","sapUiSegmentedButtonSelectedHoverBorderColor":"#ffffff","sapUiSegmentedButtonIconColor":"#ffffff","sapUiSegmentedButtonActiveIconColor":"#ffffff","sapUiSegmentedButtonSelectedIconColor":"#ffffff","sapUiSegmentedButtonFooterBorderColor":"#ffffff","sapUiSegmentedButtonFooterHoverBackground":"#7a5100","sapUiFieldActiveBackground":"#7a5100","sapUiFieldActiveBorderColor":"#ffffff","sapUiFieldActiveTextColor":"#ffffff","sapUiFieldPlaceholderTextColor":"#999999","sapUiListTextColor":"#ffffff","sapUiListVerticalBorderColor":"#ffffff","sapUiListActiveBackground":"#7a5100","sapUiListActiveTextColor":"#ffffff","sapUiListSelectionHoverBackground":"#7a5100","sapUiListFooterBackground":"#000000","sapUiListFooterTextColor":"#ffffff","sapUiListGroupHeaderBackground":"#585858","sapUiListTableGroupHeaderBackground":"#000000","sapUiListTableGroupHeaderBorderColor":"#ffffff","sapUiListTableGroupHeaderTextColor":"#ffffff","sapUiListTableFooterBorder":"#ffffff","sapUiListTableFixedBorder":"#ffffff","sapUiListTableTextSize":"0.875rem","sapUiListTableIconSize":"1rem","sapUiPageFooterBorderColor":"#ffffff","sapUiInfobarHoverBackground":"#7a5100","sapUiInfobarActiveBackground":"#7a5100","sapUiObjectHeaderBorderColor":"#ffffff","sapUiCalendarColorToday":"#ffffff","sapUiDragAndDropColor":"#ffffff","sapUiDragAndDropBackground":"#000000","sapUiDragAndDropBorderColor":"#ffffff","sapUiDragAndDropActiveColor":"#03b803","sapUiDragAndDropActiveBackground":"#000000","sapUiDragAndDropActiveBorderColor":"#03b803","sapUiShadowLevel0":"0 0 0 1px #ffffff","sapUiShadowLevel1":"0 0 1rem 0 rgba(255, 255, 255, 0.5), 0 0 0 2px #ffffff","sapUiShadowLevel2":"0 0.25rem 2rem 0 rgba(255, 255, 255, 0.6), 0 0 0 2px #ffffff","sapUiShadowLevel3":"0 0.625rem 4rem 0 rgba(255, 255, 255, 0.8), 0 0 0 2px #ffffff","sapUiShadowText":"none","sapUiShadowHeader":"inset 0 -0.125rem #ffffff","sapUiUx3ShellHeaderImageURL":"","sapUiUx3ShellApplicationImageURL":"none","sapUiPurple":"#800080","sapUiOrange":"#ffa500","sapUiGreen":"#008000","sapUiBlue":"#0000ff","sapUiRed":"#ff0000","sapUiYellow":"#ffff00","sapUiBase":"#000000","sapUiBaseBorder":"#000000","sapUiBaseLine":"#000000","sapUiWhite":"#ffffff","sapUiWhiteBG":"#ffffff","sapUiExtraLightBG":"#000000","sapUiLightBG":"#d3d3d3","sapUiMediumBG":"#808080","sapUiDarkBG":"#a9a9a9","sapUiDeepBG":"#000000","sapUiBlackBG":"#000000","sapUiHoverBG":"#808080","sapUiMediumAltBG":"#808080","sapUiDarkAltBG":"#a9a9a9","sapUiButtonStandardBG":"#000000","sapUiButtonEmphasizedBG":"#ffff00","sapUiButtonNegativeBG":"#ff0000","sapUiButtonPositiveBG":"#008000","sapUiReadOnlyBG":"#808080","sapUiExtraLightText":"#d3d3d3","sapUiLightText":"#d3d3d3","sapUiMediumText":"#808080","sapUiDarkText":"#a9a9a9","sapUiDeepText":"#000000","sapUiText":"#ffffff","sapUiTextInverted":"#ffffff","sapUiWhiteBorder":"#ffffff","sapUiExtraLightBorder":"#d3d3d3","sapUiLightBorder":"#808080","sapUiMediumBorder":"#000000","sapUiDarkBorder":"#000000","sapUiBlackBorder":"#000000","sapUiElement":"#d3d3d3","sapUiInvertedElement":"#ffffff","sapUiLightLine":"#d3d3d3","sapUiMediumLine":"#808080","sapUiEmphasizedLine":"#7a5100","sapUiDarkLine":"#a9a9a9","sapUiLightShadowTint":"#ffffff","sapUiDarkShadowTint":"#000000","sapUiFocus":"#000000","sapUiInvertedFocus":"#ffffff","sapUiTableRowBG":"#ffffff","sapUiTableRowAlternatingBG":"#ffffff","sapUiTableRowSelectionBG":"#7a5100","sapUiTableRowSelectionReadOnlyBG":"#7a5100","sapUiTableRowHoverBG":"#808080","sapUiListBG":"#f7f7f7","sapUiTextColor":"#008000","sapUiTextTitleColor":"#008000","sapUiTextSelectionColor":"#008000","sapUiTextDisabled":"#ffffff","sapUiTextSelection":"#ffffff","sapUiTextfieldBackground":"#ffffff","sapUiFontMonospaceFamily":"Lucida Console","sapUiUx3ShellSideBarBaseWidth":"40px","sapUiUx3ShellPaneOverflowButtonHeight":"120px","sapUiUx3ExactLstCollapseWidth":"24px","sapUiUx3ExactLstHeaderHeight":"25px","sapUiNotificationBarBG_IE":"#808080","sapUiNotifierHoverColor":"#7a5100","sapUiNotificationText":"#ffffff","sapUiNotificationTimestamp":"#ffffff","sapUiNotificationBarCalloutBorder":"rgba(128, 128, 128, 0)","sapUiNotificationBarCalloutBorder_IE":"#808080","sapUiNotificationBarCalloutArr":"#000000","sapUiNotificationBarHeight":"40px","sapUiNotificationBarHeightMinimized":"0px","sapUiNotificationBarHeightMaximized":"40%","sapUiNotifierWidth":"40px","sapUiRIIconPaddingXS":"1px","sapUiRIIconPaddingS":"0.125rem","sapUiRIIconPaddingM":"0.1875rem","sapUiRIIconPaddingL":"0.25rem","sapUiRIIconPaddingCozy":"0.1875rem","sapUiRIIconPaddingCompact":"0.125rem","sapUiRIIconPaddingCondensed":"0.125rem","sapUiRIIconPaddingDisplayOnly":"0.125rem","sapUiRIIconSizeCozy":"1.375rem","sapUiRIIconSizeCompact":"1rem","sapUiRIIconSizeCondensed":"1rem","sapUiRIIconSizeDisplayOnly":"1rem","sapUiUx3ToolPopupArrowWidth":"13px","sapUiUx3ToolPopupArrowHeight":"24px","sapUiUx3ToolPopupArrowRightMarginCorrectionInverted":"-7px","sapUiUx3TPPaddingBottom":"50px","sapUiButtonEmphasizedDisabledBorderColor":"#ffffff","sapUiButtonEmphasizedDisabledBackground":"#000000","sapUiButtonAcceptDisabledBorderColor":"#ffffff","sapUiButtonAcceptDisabledBackground":"#000000","sapUiButtonRejectDisabledBorderColor":"#ffffff","sapUiButtonRejectDisabledBackground":"#000000","sapUiToggleButtonPressedDisabledBackground":"#0f5d94","sapUiToggleButtonPressedDisabledBorderColor":"#ffffff","sapUiToggleButtonPressedDisabledTextColor":"#ffffff","sapUiPositiveBG":"#99cc99","sapUiShadowTint":"#000000","sapUiShadow":"5px 5px 10px rgba(0, 0, 0, 0.5)","sapUiThemeDesignerCustomCss":"false","sapUiMarginTiny":"0.5rem","sapUiMarginSmall":"1rem","sapUiMarginMedium":"2rem","sapUiMarginLarge":"3rem","sapUiEscapedEmptyString":"","sapUiLightBoxMagnifyingGlassBorder":"1px solid #ffffff","sapUiLightBoxMagnifyingGlassBackgroundColor":"#000000","_sap_tnt_ToolPage_AsideWidth":"15rem","_sap_tnt_ToolPage_AsideWidthOnTablet":"3rem","_sap_tnt_ToolPage_HeaderHeight":"3rem","_sap_tnt_ToolPage_FooterHeight":"3rem","_sap_tnt_ToolPage_CompactAsideWidth":"15rem","_sap_tnt_ToolPage_CompactAsideWidthOnTablet":"2rem","_sap_tnt_ToolPage_CompactHeaderHeight":"3rem","_sap_tnt_ToolPage_CompactFooterHeight":"2rem","_sap_tnt_ToolPage_AnimationDuration":"0.3s","sapBackgroundColorDefault":"#000000","sapHC_StandardBackground":"#000000","sapHC_HighlightBackground":"#7a5100","sapHC_HighlightAltBackground":"#0f5d94","sapHC_ReducedBackground":"#585858","sapHC_ReducedAltBackground":"#a2a39f","sapHC_StandardForeground":"#ffffff","sapHC_EnhancedForeground":"#03b803","sapHC_ReducedForeground":"#666666","sapHC_ReducedAltForeground":"#999999","sapHC_NegativeColor":"#ff5e5e","sapHC_CriticalColor":"#ffab1d","sapHC_PositiveColor":"#99cc99","sapHC_NeutralColor":"#ffffff","sapAccentColor1":"#ffc847","sapAccentColor2":"#ed884a","sapAccentColor3":"#db9292","sapAccentColor4":"#e269c9","sapAccentColor5":"#8ca7d5","sapAccentColor6":"#6bd3ff","sapAccentColor7":"#7fc6c6","sapAccentColor8":"#b2e484","sapErrorBackground":"#000000","sapWarningBackground":"#000000","sapSuccessBackground":"#000000","sapNeutralBackground":"#000000","sapErrorBorderColor":"#ff5e5e","sapWarningBorderColor":"#ffab1d","sapSuccessBorderColor":"#99cc99","sapNegativeTextColor":"#ff5e5e","sapCriticalTextColor":"#ffab1d","sapPositiveTextColor":"#99cc99","sapNeutralTextColor":"#ffffff","sapErrorColor":"#ff5e5e","sapWarningColor":"#ffab1d","sapSuccessColor":"#99cc99","sapShell_BackgroundPatternColor":"#000000","sapUiShellBackgroundPatternColor":"#000000","sapUiHcStandardBackground":"#000000","sapUiHcHighlightBackground":"#7a5100","sapUiHcHighlightAltBackground":"#0f5d94","sapUiHcReducedBackground":"#585858","sapUiHcReducedAltBackground":"#a2a39f","sapUiHcStandardForeground":"#ffffff","sapUiHcEnhancedForeground":"#03b803","sapUiHcReducedForeground":"#666666","sapUiHcReducedAltForeground":"#999999","sapUiHcNegativeColor":"#ff5e5e","sapUiHcCriticalColor":"#ffab1d","sapUiHcPositiveColor":"#99cc99","sapUiHcNeutralColor":"#ffffff"}