{
  "modules" : [
    {
      "name" : "sap/tnt/NavigationList.js",
      "description" : "Provides control sap.tnt.NavigationList",
      "size" : 6775,
      "compressedSize" : 3516,
      "required" : ["jquery.sap.global.js", "sap/m/Popover.js", "sap/tnt/library.js", "sap/ui/core/Control.js", "sap/ui/core/InvisibleText.js", "sap/ui/core/delegate/ItemNavigation.js"],
      "includes" : []
    },
    {
      "name" : "sap/tnt/NavigationListItem.js",
      "description" : "Provides control sap.tnt.NavigationListItem.",
      "size" : 16904,
      "compressedSize" : 9078,
      "required" : ["jquery.sap.global.js", "sap/tnt/NavigationList.js", "sap/tnt/library.js", "sap/ui/core/Icon.js", "sap/ui/core/IconPool.js", "sap/ui/core/Item.js", "sap/ui/core/Renderer.js"],
      "includes" : []
    },
    {
      "name" : "sap/tnt/NavigationListRenderer.js",
      "description" : "Provides the default renderer for control sap.tnt.NavigationList",
      "size" : 1620,
      "compressedSize" : 691,
      "required" : ["jquery.sap.global.js", "sap/ui/core/Renderer.js"],
      "includes" : []
    },
    {
      "name" : "sap/tnt/SideNavigation.js",
      "description" : "Provides control sap.t.SideNavigation.",
      "size" : 9683,
      "compressedSize" : 5087,
      "required" : ["jquery.sap.global.js", "sap/tnt/library.js", "sap/ui/core/Control.js", "sap/ui/core/Icon.js", "sap/ui/core/ResizeHandler.js", "sap/ui/core/delegate/ScrollEnablement.js"],
      "includes" : []
    },
    {
      "name" : "sap/tnt/SideNavigationRenderer.js",
      "description" : "! UI development toolkit for HTML5 (OpenUI5) (c) Copyright 2009-2017 SAP SE or an SAP affiliate company. Licensed under the Apache License, Version 2.0 - see LICENSE.txt.",
      "size" : 4185,
      "compressedSize" : 1995,
      "required" : ["jquery.sap.global.js"],
      "includes" : []
    },
    {
      "name" : "sap/tnt/ToolHeader.js",
      "description" : "Provides control sap.tnt.ToolHeader",
      "size" : 4420,
      "compressedSize" : 1757,
      "required" : ["jquery.sap.global.js", "sap/m/OverflowToolbar.js", "sap/m/OverflowToolbarAssociativePopover.js", "sap/tnt/library.js", "sap/ui/core/Control.js"],
      "includes" : []
    },
    {
      "name" : "sap/tnt/ToolHeaderRenderer.js",
      "description" : "! UI development toolkit for HTML5 (OpenUI5) (c) Copyright 2009-2017 SAP SE or an SAP affiliate company. Licensed under the Apache License, Version 2.0 - see LICENSE.txt.",
      "size" : 1286,
      "compressedSize" : 696,
      "required" : ["jquery.sap.global.js", "sap/m/BarInPageEnabler.js", "sap/m/OverflowToolbarRenderer.js", "sap/ui/core/Renderer.js"],
      "includes" : []
    },
    {
      "name" : "sap/tnt/ToolHeaderUtilitySeparator.js",
      "description" : "Provides control sap.tnt.ToolHeaderUtilitySeparator.",
      "size" : 1390,
      "compressedSize" : 432,
      "required" : ["jquery.sap.global.js", "sap/tnt/library.js", "sap/ui/core/Control.js"],
      "includes" : []
    },
    {
      "name" : "sap/tnt/ToolPage.js",
      "description" : "Provides control sap.t.ToolPage.",
      "size" : 5518,
      "compressedSize" : 2453,
      "required" : ["jquery.sap.global.js", "sap/tnt/library.js", "sap/ui/Device.js", "sap/ui/core/Control.js", "sap/ui/core/ResizeHandler.js"],
      "includes" : []
    },
    {
      "name" : "sap/tnt/ToolPageRenderer.js",
      "description" : "! UI development toolkit for HTML5 (OpenUI5) (c) Copyright 2009-2017 SAP SE or an SAP affiliate company. Licensed under the Apache License, Version 2.0 - see LICENSE.txt.",
      "size" : 3061,
      "compressedSize" : 1659,
      "required" : ["jquery.sap.global.js"],
      "includes" : []
    },
    {
      "name" : "sap/tnt/library-preload.js",
      "size" : 27795,
      "required" : ["jquery.sap.global.js", "sap/m/BarInPageEnabler.js", "sap/m/OverflowToolbar.js", "sap/m/OverflowToolbarAssociativePopover.js", "sap/m/OverflowToolbarRenderer.js", "sap/m/Popover.js", "sap/m/library.js", "sap/ui/Device.js", "sap/ui/core/Control.js", "sap/ui/core/Icon.js", "sap/ui/core/IconPool.js", "sap/ui/core/InvisibleText.js", "sap/ui/core/Item.js", "sap/ui/core/Renderer.js", "sap/ui/core/ResizeHandler.js", "sap/ui/core/delegate/ItemNavigation.js", "sap/ui/core/delegate/ScrollEnablement.js", "sap/ui/core/library.js"],
      "includes" : ["sap/tnt/NavigationList.js", "sap/tnt/NavigationListItem.js", "sap/tnt/NavigationListRenderer.js", "sap/tnt/SideNavigation.js", "sap/tnt/SideNavigationRenderer.js", "sap/tnt/ToolHeader.js", "sap/tnt/ToolHeaderRenderer.js", "sap/tnt/ToolHeaderUtilitySeparator.js", "sap/tnt/ToolPage.js", "sap/tnt/ToolPageRenderer.js", "sap/tnt/library.js", "sap/tnt/manifest.json"]
    },
    {
      "name" : "sap/tnt/library-preload.json",
      "size" : 0,
      "required" : ["jquery.sap.global.js", "sap/m/BarInPageEnabler.js", "sap/m/OverflowToolbar.js", "sap/m/OverflowToolbarAssociativePopover.js", "sap/m/OverflowToolbarRenderer.js", "sap/m/Popover.js", "sap/m/library-preload.json", "sap/m/library.js", "sap/ui/Device.js", "sap/ui/core/Control.js", "sap/ui/core/Icon.js", "sap/ui/core/IconPool.js", "sap/ui/core/InvisibleText.js", "sap/ui/core/Item.js", "sap/ui/core/Renderer.js", "sap/ui/core/ResizeHandler.js", "sap/ui/core/delegate/ItemNavigation.js", "sap/ui/core/delegate/ScrollEnablement.js", "sap/ui/core/library-preload.json", "sap/ui/core/library.js"],
      "includes" : ["sap/tnt/NavigationList.js", "sap/tnt/NavigationListItem.js", "sap/tnt/NavigationListRenderer.js", "sap/tnt/SideNavigation.js", "sap/tnt/SideNavigationRenderer.js", "sap/tnt/ToolHeader.js", "sap/tnt/ToolHeaderRenderer.js", "sap/tnt/ToolHeaderUtilitySeparator.js", "sap/tnt/ToolPage.js", "sap/tnt/ToolPageRenderer.js", "sap/tnt/library.js", "sap/tnt/manifest.json"]
    },
    {
      "name" : "sap/tnt/library.js",
      "description" : "Initialization Code and shared classes of library sap.tnt.",
      "size" : 1024,
      "compressedSize" : 606,
      "required" : ["jquery.sap.global.js", "sap/m/library.js", "sap/ui/core/library.js"],
      "includes" : []
    },
    {
      "name" : "sap/tnt/manifest.json",
      "size" : 782,
      "required" : [],
      "includes" : []
    }
  ]
}
