<?xml version="1.0" ?>
<library  version="2.0" name="sap.tnt">
  <module name="sap/tnt/NavigationList.js" size="6775" compressedSize="3516">
    <description>Provides control sap.tnt.NavigationList</description>
    <requires>
      <module name="jquery.sap.global.js"/>
      <module name="sap/m/Popover.js"/>
      <module name="sap/tnt/library.js"/>
      <module name="sap/ui/core/Control.js"/>
      <module name="sap/ui/core/InvisibleText.js"/>
      <module name="sap/ui/core/delegate/ItemNavigation.js"/>
    </requires>
  </module>
  <module name="sap/tnt/NavigationListItem.js" size="16904" compressedSize="9078">
    <description>Provides control sap.tnt.NavigationListItem.</description>
    <requires>
      <module name="jquery.sap.global.js"/>
      <module name="sap/tnt/NavigationList.js"/>
      <module name="sap/tnt/library.js"/>
      <module name="sap/ui/core/Icon.js"/>
      <module name="sap/ui/core/IconPool.js"/>
      <module name="sap/ui/core/Item.js"/>
      <module name="sap/ui/core/Renderer.js"/>
    </requires>
  </module>
  <module name="sap/tnt/NavigationListRenderer.js" size="1620" compressedSize="691">
    <description>Provides the default renderer for control sap.tnt.NavigationList</description>
    <requires>
      <module name="jquery.sap.global.js"/>
      <module name="sap/ui/core/Renderer.js"/>
    </requires>
  </module>
  <module name="sap/tnt/SideNavigation.js" size="9683" compressedSize="5087">
    <description>Provides control sap.t.SideNavigation.</description>
    <requires>
      <module name="jquery.sap.global.js"/>
      <module name="sap/tnt/library.js"/>
      <module name="sap/ui/core/Control.js"/>
      <module name="sap/ui/core/Icon.js"/>
      <module name="sap/ui/core/ResizeHandler.js"/>
      <module name="sap/ui/core/delegate/ScrollEnablement.js"/>
    </requires>
  </module>
  <module name="sap/tnt/SideNavigationRenderer.js" size="4185" compressedSize="1995">
    <description>! UI development toolkit for HTML5 (OpenUI5) (c) Copyright 2009-2017 SAP SE or an SAP affiliate company. Licensed under the Apache License, Version 2.0 - see LICENSE.txt.</description>
    <requires>
      <module name="jquery.sap.global.js"/>
    </requires>
  </module>
  <module name="sap/tnt/ToolHeader.js" size="4420" compressedSize="1757">
    <description>Provides control sap.tnt.ToolHeader</description>
    <requires>
      <module name="jquery.sap.global.js"/>
      <module name="sap/m/OverflowToolbar.js"/>
      <module name="sap/m/OverflowToolbarAssociativePopover.js"/>
      <module name="sap/tnt/library.js"/>
      <module name="sap/ui/core/Control.js"/>
    </requires>
  </module>
  <module name="sap/tnt/ToolHeaderRenderer.js" size="1286" compressedSize="696">
    <description>! UI development toolkit for HTML5 (OpenUI5) (c) Copyright 2009-2017 SAP SE or an SAP affiliate company. Licensed under the Apache License, Version 2.0 - see LICENSE.txt.</description>
    <requires>
      <module name="jquery.sap.global.js"/>
      <module name="sap/m/BarInPageEnabler.js"/>
      <module name="sap/m/OverflowToolbarRenderer.js"/>
      <module name="sap/ui/core/Renderer.js"/>
    </requires>
  </module>
  <module name="sap/tnt/ToolHeaderUtilitySeparator.js" size="1390" compressedSize="432">
    <description>Provides control sap.tnt.ToolHeaderUtilitySeparator.</description>
    <requires>
      <module name="jquery.sap.global.js"/>
      <module name="sap/tnt/library.js"/>
      <module name="sap/ui/core/Control.js"/>
    </requires>
  </module>
  <module name="sap/tnt/ToolPage.js" size="5518" compressedSize="2453">
    <description>Provides control sap.t.ToolPage.</description>
    <requires>
      <module name="jquery.sap.global.js"/>
      <module name="sap/tnt/library.js"/>
      <module name="sap/ui/Device.js"/>
      <module name="sap/ui/core/Control.js"/>
      <module name="sap/ui/core/ResizeHandler.js"/>
    </requires>
  </module>
  <module name="sap/tnt/ToolPageRenderer.js" size="3061" compressedSize="1659">
    <description>! UI development toolkit for HTML5 (OpenUI5) (c) Copyright 2009-2017 SAP SE or an SAP affiliate company. Licensed under the Apache License, Version 2.0 - see LICENSE.txt.</description>
    <requires>
      <module name="jquery.sap.global.js"/>
    </requires>
  </module>
  <module name="sap/tnt/library-preload.js" size="27795">
    <requires>
      <module name="jquery.sap.global.js"/>
      <module name="sap/m/BarInPageEnabler.js"/>
      <module name="sap/m/OverflowToolbar.js"/>
      <module name="sap/m/OverflowToolbarAssociativePopover.js"/>
      <module name="sap/m/OverflowToolbarRenderer.js"/>
      <module name="sap/m/Popover.js"/>
      <module name="sap/m/library.js"/>
      <module name="sap/ui/Device.js"/>
      <module name="sap/ui/core/Control.js"/>
      <module name="sap/ui/core/Icon.js"/>
      <module name="sap/ui/core/IconPool.js"/>
      <module name="sap/ui/core/InvisibleText.js"/>
      <module name="sap/ui/core/Item.js"/>
      <module name="sap/ui/core/Renderer.js"/>
      <module name="sap/ui/core/ResizeHandler.js"/>
      <module name="sap/ui/core/delegate/ItemNavigation.js"/>
      <module name="sap/ui/core/delegate/ScrollEnablement.js"/>
      <module name="sap/ui/core/library.js"/>
    </requires>
    <includes>
      <module name="sap/tnt/NavigationList.js"/>
      <module name="sap/tnt/NavigationListItem.js"/>
      <module name="sap/tnt/NavigationListRenderer.js"/>
      <module name="sap/tnt/SideNavigation.js"/>
      <module name="sap/tnt/SideNavigationRenderer.js"/>
      <module name="sap/tnt/ToolHeader.js"/>
      <module name="sap/tnt/ToolHeaderRenderer.js"/>
      <module name="sap/tnt/ToolHeaderUtilitySeparator.js"/>
      <module name="sap/tnt/ToolPage.js"/>
      <module name="sap/tnt/ToolPageRenderer.js"/>
      <module name="sap/tnt/library.js"/>
      <module name="sap/tnt/manifest.json"/>
    </includes>
  </module>
  <module name="sap/tnt/library-preload.json" size="0">
    <requires>
      <module name="jquery.sap.global.js"/>
      <module name="sap/m/BarInPageEnabler.js"/>
      <module name="sap/m/OverflowToolbar.js"/>
      <module name="sap/m/OverflowToolbarAssociativePopover.js"/>
      <module name="sap/m/OverflowToolbarRenderer.js"/>
      <module name="sap/m/Popover.js"/>
      <module name="sap/m/library-preload.json"/>
      <module name="sap/m/library.js"/>
      <module name="sap/ui/Device.js"/>
      <module name="sap/ui/core/Control.js"/>
      <module name="sap/ui/core/Icon.js"/>
      <module name="sap/ui/core/IconPool.js"/>
      <module name="sap/ui/core/InvisibleText.js"/>
      <module name="sap/ui/core/Item.js"/>
      <module name="sap/ui/core/Renderer.js"/>
      <module name="sap/ui/core/ResizeHandler.js"/>
      <module name="sap/ui/core/delegate/ItemNavigation.js"/>
      <module name="sap/ui/core/delegate/ScrollEnablement.js"/>
      <module name="sap/ui/core/library-preload.json"/>
      <module name="sap/ui/core/library.js"/>
    </requires>
    <includes>
      <module name="sap/tnt/NavigationList.js"/>
      <module name="sap/tnt/NavigationListItem.js"/>
      <module name="sap/tnt/NavigationListRenderer.js"/>
      <module name="sap/tnt/SideNavigation.js"/>
      <module name="sap/tnt/SideNavigationRenderer.js"/>
      <module name="sap/tnt/ToolHeader.js"/>
      <module name="sap/tnt/ToolHeaderRenderer.js"/>
      <module name="sap/tnt/ToolHeaderUtilitySeparator.js"/>
      <module name="sap/tnt/ToolPage.js"/>
      <module name="sap/tnt/ToolPageRenderer.js"/>
      <module name="sap/tnt/library.js"/>
      <module name="sap/tnt/manifest.json"/>
    </includes>
  </module>
  <module name="sap/tnt/library.js" size="1024" compressedSize="606">
    <description>Initialization Code and shared classes of library sap.tnt.</description>
    <requires>
      <module name="jquery.sap.global.js"/>
      <module name="sap/m/library.js"/>
      <module name="sap/ui/core/library.js"/>
    </requires>
  </module>
  <module name="sap/tnt/manifest.json" size="782">
  </module>
</library>
