{
	"_version": "1.1.0",
	"resources": [
		{
			"name": ".library"
		},
		{
			"name": ".theming"
		},
		{
			"name": "NavigationList-dbg.js",
			"module": "sap/tnt/NavigationList.js",
			"isDebug": true,
			"required": [
				"jquery.sap.global.js",
				"sap/m/Popover.js",
				"sap/tnt/library.js",
				"sap/ui/core/Control.js",
				"sap/ui/core/InvisibleText.js",
				"sap/ui/core/delegate/ItemNavigation.js"
			]
		},
		{
			"name": "NavigationList.control",
			"designtime": true
		},
		{
			"name": "NavigationList.js",
			"module": "sap/tnt/NavigationList.js",
			"required": [
				"jquery.sap.global.js",
				"sap/m/Popover.js",
				"sap/tnt/library.js",
				"sap/ui/core/Control.js",
				"sap/ui/core/InvisibleText.js",
				"sap/ui/core/delegate/ItemNavigation.js"
			]
		},
		{
			"name": "NavigationListItem-dbg.js",
			"module": "sap/tnt/NavigationListItem.js",
			"isDebug": true,
			"required": [
				"jquery.sap.global.js",
				"sap/tnt/NavigationList.js",
				"sap/tnt/library.js",
				"sap/ui/core/Icon.js",
				"sap/ui/core/IconPool.js",
				"sap/ui/core/Item.js",
				"sap/ui/core/Renderer.js"
			]
		},
		{
			"name": "NavigationListItem.control",
			"designtime": true
		},
		{
			"name": "NavigationListItem.js",
			"module": "sap/tnt/NavigationListItem.js",
			"required": [
				"jquery.sap.global.js",
				"sap/tnt/NavigationList.js",
				"sap/tnt/library.js",
				"sap/ui/core/Icon.js",
				"sap/ui/core/IconPool.js",
				"sap/ui/core/Item.js",
				"sap/ui/core/Renderer.js"
			]
		},
		{
			"name": "NavigationListRenderer-dbg.js",
			"module": "sap/tnt/NavigationListRenderer.js",
			"isDebug": true,
			"required": [
				"jquery.sap.global.js",
				"sap/ui/core/Renderer.js"
			]
		},
		{
			"name": "NavigationListRenderer.js",
			"module": "sap/tnt/NavigationListRenderer.js",
			"required": [
				"jquery.sap.global.js",
				"sap/ui/core/Renderer.js"
			]
		},
		{
			"name": "SideNavigation-dbg.js",
			"module": "sap/tnt/SideNavigation.js",
			"isDebug": true,
			"required": [
				"jquery.sap.global.js",
				"sap/tnt/library.js",
				"sap/ui/core/Control.js",
				"sap/ui/core/Icon.js",
				"sap/ui/core/ResizeHandler.js",
				"sap/ui/core/delegate/ScrollEnablement.js"
			]
		},
		{
			"name": "SideNavigation.control",
			"designtime": true
		},
		{
			"name": "SideNavigation.js",
			"module": "sap/tnt/SideNavigation.js",
			"required": [
				"jquery.sap.global.js",
				"sap/tnt/library.js",
				"sap/ui/core/Control.js",
				"sap/ui/core/Icon.js",
				"sap/ui/core/ResizeHandler.js",
				"sap/ui/core/delegate/ScrollEnablement.js"
			]
		},
		{
			"name": "SideNavigationRenderer-dbg.js",
			"module": "sap/tnt/SideNavigationRenderer.js",
			"isDebug": true
		},
		{
			"name": "SideNavigationRenderer.js",
			"module": "sap/tnt/SideNavigationRenderer.js"
		},
		{
			"name": "ToolHeader-dbg.js",
			"module": "sap/tnt/ToolHeader.js",
			"isDebug": true,
			"required": [
				"jquery.sap.global.js",
				"sap/m/OverflowToolbar.js",
				"sap/m/OverflowToolbarAssociativePopover.js",
				"sap/tnt/library.js",
				"sap/ui/core/Control.js"
			]
		},
		{
			"name": "ToolHeader.control",
			"designtime": true
		},
		{
			"name": "ToolHeader.js",
			"module": "sap/tnt/ToolHeader.js",
			"required": [
				"jquery.sap.global.js",
				"sap/m/OverflowToolbar.js",
				"sap/m/OverflowToolbarAssociativePopover.js",
				"sap/tnt/library.js",
				"sap/ui/core/Control.js"
			]
		},
		{
			"name": "ToolHeaderRenderer-dbg.js",
			"module": "sap/tnt/ToolHeaderRenderer.js",
			"isDebug": true,
			"required": [
				"sap/m/BarInPageEnabler.js",
				"sap/m/OverflowToolbarRenderer.js",
				"sap/ui/core/Renderer.js"
			]
		},
		{
			"name": "ToolHeaderRenderer.js",
			"module": "sap/tnt/ToolHeaderRenderer.js",
			"required": [
				"sap/m/BarInPageEnabler.js",
				"sap/m/OverflowToolbarRenderer.js",
				"sap/ui/core/Renderer.js"
			]
		},
		{
			"name": "ToolHeaderUtilitySeparator-dbg.js",
			"module": "sap/tnt/ToolHeaderUtilitySeparator.js",
			"isDebug": true,
			"required": [
				"jquery.sap.global.js",
				"sap/tnt/library.js",
				"sap/ui/core/Control.js"
			]
		},
		{
			"name": "ToolHeaderUtilitySeparator.control",
			"designtime": true
		},
		{
			"name": "ToolHeaderUtilitySeparator.js",
			"module": "sap/tnt/ToolHeaderUtilitySeparator.js",
			"required": [
				"jquery.sap.global.js",
				"sap/tnt/library.js",
				"sap/ui/core/Control.js"
			]
		},
		{
			"name": "ToolPage-dbg.js",
			"module": "sap/tnt/ToolPage.js",
			"isDebug": true,
			"required": [
				"sap/tnt/library.js",
				"sap/ui/Device.js",
				"sap/ui/core/Control.js",
				"sap/ui/core/ResizeHandler.js"
			]
		},
		{
			"name": "ToolPage.control",
			"designtime": true
		},
		{
			"name": "ToolPage.js",
			"module": "sap/tnt/ToolPage.js",
			"required": [
				"sap/tnt/library.js",
				"sap/ui/Device.js",
				"sap/ui/core/Control.js",
				"sap/ui/core/ResizeHandler.js"
			]
		},
		{
			"name": "ToolPageRenderer-dbg.js",
			"module": "sap/tnt/ToolPageRenderer.js",
			"isDebug": true
		},
		{
			"name": "ToolPageRenderer.js",
			"module": "sap/tnt/ToolPageRenderer.js"
		},
		{
			"name": "library-all-dbg.js",
			"isDebug": true,
			"merged": true
		},
		{
			"name": "library-all.js",
			"merged": true
		},
		{
			"name": "library-dbg.js",
			"module": "sap/tnt/library.js",
			"isDebug": true,
			"required": [
				"jquery.sap.global.js",
				"sap/m/library.js",
				"sap/ui/core/library.js"
			]
		},
		{
			"name": "library-preload.js",
			"module": "sap/tnt/library-preload.js",
			"merged": true,
			"required": [
				"jquery.sap.global.js",
				"sap/m/BarInPageEnabler.js",
				"sap/m/OverflowToolbar.js",
				"sap/m/OverflowToolbarAssociativePopover.js",
				"sap/m/OverflowToolbarRenderer.js",
				"sap/m/Popover.js",
				"sap/m/library.js",
				"sap/ui/Device.js",
				"sap/ui/core/Control.js",
				"sap/ui/core/Icon.js",
				"sap/ui/core/IconPool.js",
				"sap/ui/core/InvisibleText.js",
				"sap/ui/core/Item.js",
				"sap/ui/core/Renderer.js",
				"sap/ui/core/ResizeHandler.js",
				"sap/ui/core/delegate/ItemNavigation.js",
				"sap/ui/core/delegate/ScrollEnablement.js",
				"sap/ui/core/library.js"
			],
			"included": [
				"sap/tnt/NavigationList.js",
				"sap/tnt/NavigationListItem.js",
				"sap/tnt/NavigationListRenderer.js",
				"sap/tnt/SideNavigation.js",
				"sap/tnt/SideNavigationRenderer.js",
				"sap/tnt/ToolHeader.js",
				"sap/tnt/ToolHeaderRenderer.js",
				"sap/tnt/ToolHeaderUtilitySeparator.js",
				"sap/tnt/ToolPage.js",
				"sap/tnt/ToolPageRenderer.js",
				"sap/tnt/library.js",
				"sap/tnt/manifest.json"
			]
		},
		{
			"name": "library-preload.js.map",
			"isDebug": true
		},
		{
			"name": "library-preload.json",
			"module": "sap/tnt/library-preload.json",
			"merged": true,
			"required": [
				"jquery.sap.global.js",
				"sap/m/BarInPageEnabler.js",
				"sap/m/OverflowToolbar.js",
				"sap/m/OverflowToolbarAssociativePopover.js",
				"sap/m/OverflowToolbarRenderer.js",
				"sap/m/Popover.js",
				"sap/m/library-preload.json",
				"sap/m/library.js",
				"sap/ui/Device.js",
				"sap/ui/core/Control.js",
				"sap/ui/core/Icon.js",
				"sap/ui/core/IconPool.js",
				"sap/ui/core/InvisibleText.js",
				"sap/ui/core/Item.js",
				"sap/ui/core/Renderer.js",
				"sap/ui/core/ResizeHandler.js",
				"sap/ui/core/delegate/ItemNavigation.js",
				"sap/ui/core/delegate/ScrollEnablement.js",
				"sap/ui/core/library-preload.json",
				"sap/ui/core/library.js"
			],
			"included": [
				"sap/tnt/NavigationList.js",
				"sap/tnt/NavigationListItem.js",
				"sap/tnt/NavigationListRenderer.js",
				"sap/tnt/SideNavigation.js",
				"sap/tnt/SideNavigationRenderer.js",
				"sap/tnt/ToolHeader.js",
				"sap/tnt/ToolHeaderRenderer.js",
				"sap/tnt/ToolHeaderUtilitySeparator.js",
				"sap/tnt/ToolPage.js",
				"sap/tnt/ToolPageRenderer.js",
				"sap/tnt/library.js",
				"sap/tnt/manifest.json"
			]
		},
		{
			"name": "library.dependencies.json",
			"designtime": true
		},
		{
			"name": "library.dependencies.xml",
			"designtime": true
		},
		{
			"name": "library.js",
			"module": "sap/tnt/library.js",
			"required": [
				"jquery.sap.global.js",
				"sap/m/library.js",
				"sap/ui/core/library.js"
			]
		},
		{
			"name": "library.templates.xml",
			"designtime": true
		},
		{
			"name": "manifest.json",
			"module": "sap/tnt/manifest.json"
		},
		{
			"name": "resources.json"
		},
		{
			"name": "themes/base/.theming",
			"theme": "base"
		},
		{
			"name": "themes/base/NavigationList.less",
			"designtime": true,
			"theme": "base"
		},
		{
			"name": "themes/base/SideNavigation.less",
			"designtime": true,
			"theme": "base"
		},
		{
			"name": "themes/base/ToolHeader.less",
			"designtime": true,
			"theme": "base"
		},
		{
			"name": "themes/base/ToolPage.less",
			"designtime": true,
			"theme": "base"
		},
		{
			"name": "themes/base/library-RTL-dbg.css",
			"isDebug": true,
			"theme": "base"
		},
		{
			"name": "themes/base/library-RTL.css",
			"theme": "base"
		},
		{
			"name": "themes/base/library-dbg.css",
			"isDebug": true,
			"theme": "base"
		},
		{
			"name": "themes/base/library-parameters.json",
			"theme": "base"
		},
		{
			"name": "themes/base/library.css",
			"theme": "base"
		},
		{
			"name": "themes/base/library.less",
			"designtime": true,
			"theme": "base"
		},
		{
			"name": "themes/base/library.source.less",
			"designtime": true,
			"theme": "base"
		},
		{
			"name": "themes/sap_hcb/.theming",
			"theme": "sap_hcb"
		},
		{
			"name": "themes/sap_hcb/NavigationList.less",
			"designtime": true,
			"theme": "sap_hcb"
		},
		{
			"name": "themes/sap_hcb/library-RTL-dbg.css",
			"isDebug": true,
			"theme": "sap_hcb"
		},
		{
			"name": "themes/sap_hcb/library-RTL.css",
			"theme": "sap_hcb"
		},
		{
			"name": "themes/sap_hcb/library-dbg.css",
			"isDebug": true,
			"theme": "sap_hcb"
		},
		{
			"name": "themes/sap_hcb/library-parameters.json",
			"theme": "sap_hcb"
		},
		{
			"name": "themes/sap_hcb/library.css",
			"theme": "sap_hcb"
		},
		{
			"name": "themes/sap_hcb/library.less",
			"designtime": true,
			"theme": "sap_hcb"
		},
		{
			"name": "themes/sap_hcb/library.source.less",
			"designtime": true,
			"theme": "sap_hcb"
		}
	]
}