{
	"_version": "1.1.0",
	"resources": [
		{
			"name": ".theming",
			"theme": "sap_belize"
		},
		{
			"name": "ActionBar.less",
			"designtime": true,
			"theme": "sap_belize"
		},
		{
			"name": "CollectionInspector.less",
			"designtime": true,
			"theme": "sap_belize"
		},
		{
			"name": "DataSet.less",
			"designtime": true,
			"theme": "sap_belize"
		},
		{
			"name": "DataSetSimpleView.less",
			"designtime": true,
			"theme": "sap_belize"
		},
		{
			"name": "Exact.less",
			"designtime": true,
			"theme": "sap_belize"
		},
		{
			"name": "ExactArea.less",
			"designtime": true,
			"theme": "sap_belize"
		},
		{
			"name": "ExactBrowser.less",
			"designtime": true,
			"theme": "sap_belize"
		},
		{
			"name": "ExactList.less",
			"designtime": true,
			"theme": "sap_belize"
		},
		{
			"name": "FacetFilter.less",
			"designtime": true,
			"theme": "sap_belize"
		},
		{
			"name": "FacetFilterList.less",
			"designtime": true,
			"theme": "sap_belize"
		},
		{
			"name": "Feed.less",
			"designtime": true,
			"theme": "sap_belize"
		},
		{
			"name": "FeedChunk.less",
			"designtime": true,
			"theme": "sap_belize"
		},
		{
			"name": "Feeder.less",
			"designtime": true,
			"theme": "sap_belize"
		},
		{
			"name": "NavigationBar.less",
			"designtime": true,
			"theme": "sap_belize"
		},
		{
			"name": "NotificationBar.less",
			"designtime": true,
			"theme": "sap_belize"
		},
		{
			"name": "Overlay.less",
			"designtime": true,
			"theme": "sap_belize"
		},
		{
			"name": "OverlayContainer.less",
			"designtime": true,
			"theme": "sap_belize"
		},
		{
			"name": "OverlayDialog.less",
			"designtime": true,
			"theme": "sap_belize"
		},
		{
			"name": "QuickView.less",
			"designtime": true,
			"theme": "sap_belize"
		},
		{
			"name": "Shell.less",
			"designtime": true,
			"theme": "sap_belize"
		},
		{
			"name": "ShellColorPicker.less",
			"designtime": true,
			"theme": "sap_belize"
		},
		{
			"name": "ShellPersonalization.less",
			"designtime": true,
			"theme": "sap_belize"
		},
		{
			"name": "ThingInspector.less",
			"designtime": true,
			"theme": "sap_belize"
		},
		{
			"name": "ThingViewer.less",
			"designtime": true,
			"theme": "sap_belize"
		},
		{
			"name": "ToolPopup.less",
			"designtime": true,
			"theme": "sap_belize"
		},
		{
			"name": "img-RTL/Settings_hover.png",
			"theme": "sap_belize"
		},
		{
			"name": "img-RTL/Settings_regular.png",
			"theme": "sap_belize"
		},
		{
			"name": "img-RTL/bg_white_transparent.png",
			"theme": "sap_belize"
		},
		{
			"name": "img-RTL/close_hover.png",
			"theme": "sap_belize"
		},
		{
			"name": "img-RTL/collection_inspector/facet_down_grey.png",
			"theme": "sap_belize"
		},
		{
			"name": "img-RTL/collection_inspector/facet_down_white.png",
			"theme": "sap_belize"
		},
		{
			"name": "img-RTL/collection_inspector/facet_right_grey.png",
			"theme": "sap_belize"
		},
		{
			"name": "img-RTL/collection_inspector/facet_right_white.png",
			"theme": "sap_belize"
		},
		{
			"name": "img-RTL/exact/Action_Menu_hover.png",
			"theme": "sap_belize"
		},
		{
			"name": "img-RTL/exact/Action_Menu_regular.png",
			"theme": "sap_belize"
		},
		{
			"name": "img-RTL/exact/close_down.png",
			"theme": "sap_belize"
		},
		{
			"name": "img-RTL/exact/close_hover.png",
			"theme": "sap_belize"
		},
		{
			"name": "img-RTL/exact/close_regular.png",
			"theme": "sap_belize"
		},
		{
			"name": "img-RTL/exact/collapse_list_hover.png",
			"theme": "sap_belize"
		},
		{
			"name": "img-RTL/exact/collapse_list_regular.png",
			"theme": "sap_belize"
		},
		{
			"name": "img-RTL/exact/expand_2_down.png",
			"theme": "sap_belize"
		},
		{
			"name": "img-RTL/exact/expand_2_hover.png",
			"theme": "sap_belize"
		},
		{
			"name": "img-RTL/exact/expand_2_regular.png",
			"theme": "sap_belize"
		},
		{
			"name": "img-RTL/exact/expand_down.png",
			"theme": "sap_belize"
		},
		{
			"name": "img-RTL/exact/expand_hover.png",
			"theme": "sap_belize"
		},
		{
			"name": "img-RTL/exact/expand_item_regular.png",
			"theme": "sap_belize"
		},
		{
			"name": "img-RTL/exact/expand_list_hover.png",
			"theme": "sap_belize"
		},
		{
			"name": "img-RTL/exact/expand_list_regular.png",
			"theme": "sap_belize"
		},
		{
			"name": "img-RTL/exact/expand_regular.png",
			"theme": "sap_belize"
		},
		{
			"name": "img-RTL/exact/resize.gif",
			"theme": "sap_belize"
		},
		{
			"name": "img-RTL/exact/tophead_hover.png",
			"theme": "sap_belize"
		},
		{
			"name": "img-RTL/exact/tophead_regular.png",
			"theme": "sap_belize"
		},
		{
			"name": "img-RTL/feed/Action_Comment_hover.png",
			"theme": "sap_belize"
		},
		{
			"name": "img-RTL/feed/Action_Comment_regular.png",
			"theme": "sap_belize"
		},
		{
			"name": "img-RTL/feed/Action_Favorite_hover.png",
			"theme": "sap_belize"
		},
		{
			"name": "img-RTL/feed/Action_Favorite_regular.png",
			"theme": "sap_belize"
		},
		{
			"name": "img-RTL/feed/Action_Flag_hover.png",
			"theme": "sap_belize"
		},
		{
			"name": "img-RTL/feed/Action_Flag_regular.png",
			"theme": "sap_belize"
		},
		{
			"name": "img-RTL/feed/Action_Inspect_hover.png",
			"theme": "sap_belize"
		},
		{
			"name": "img-RTL/feed/Action_Inspect_regular.png",
			"theme": "sap_belize"
		},
		{
			"name": "img-RTL/feed/Action_Menu_hover.png",
			"theme": "sap_belize"
		},
		{
			"name": "img-RTL/feed/Action_Menu_regular.png",
			"theme": "sap_belize"
		},
		{
			"name": "img-RTL/feed/Collapse_button.png",
			"theme": "sap_belize"
		},
		{
			"name": "img-RTL/feed/Collapse_button_hover.png",
			"theme": "sap_belize"
		},
		{
			"name": "img-RTL/feed/Delete_button.png",
			"theme": "sap_belize"
		},
		{
			"name": "img-RTL/feed/Delete_button_down.png",
			"theme": "sap_belize"
		},
		{
			"name": "img-RTL/feed/Delete_button_hover.png",
			"theme": "sap_belize"
		},
		{
			"name": "img-RTL/feed/Expand_button.png",
			"theme": "sap_belize"
		},
		{
			"name": "img-RTL/feed/Expand_button_hover.png",
			"theme": "sap_belize"
		},
		{
			"name": "img-RTL/feed/Line_Comments.png",
			"theme": "sap_belize"
		},
		{
			"name": "img-RTL/feed/Share.png",
			"theme": "sap_belize"
		},
		{
			"name": "img-RTL/feed/Share_hover.png",
			"theme": "sap_belize"
		},
		{
			"name": "img-RTL/feed/Triangle_Comments.png",
			"theme": "sap_belize"
		},
		{
			"name": "img-RTL/feed/ico12_click.png",
			"theme": "sap_belize"
		},
		{
			"name": "img-RTL/feed/relevantHovered.png",
			"theme": "sap_belize"
		},
		{
			"name": "img-RTL/feed/relevantSelected.png",
			"theme": "sap_belize"
		},
		{
			"name": "img-RTL/feed/relevantUnselected.png",
			"theme": "sap_belize"
		},
		{
			"name": "img-RTL/flag_regular.png",
			"theme": "sap_belize"
		},
		{
			"name": "img-RTL/following_regular_bw.png",
			"theme": "sap_belize"
		},
		{
			"name": "img-RTL/hold_regular_bw.png",
			"theme": "sap_belize"
		},
		{
			"name": "img-RTL/menubutton/Menu_Disabled.png",
			"theme": "sap_belize"
		},
		{
			"name": "img-RTL/menubutton/Menu_Hover.png",
			"theme": "sap_belize"
		},
		{
			"name": "img-RTL/menubutton/Menu_Regular.png",
			"theme": "sap_belize"
		},
		{
			"name": "img-RTL/navigationbar/WS_overflow.png",
			"theme": "sap_belize"
		},
		{
			"name": "img-RTL/navigationbar/WS_scroll_next.png",
			"theme": "sap_belize"
		},
		{
			"name": "img-RTL/navigationbar/WS_scroll_prev.png",
			"theme": "sap_belize"
		},
		{
			"name": "img-RTL/navigationbar/facetNext.png",
			"theme": "sap_belize"
		},
		{
			"name": "img-RTL/navigationbar/facetOverflow.png",
			"theme": "sap_belize"
		},
		{
			"name": "img-RTL/navigationbar/facetPrev.png",
			"theme": "sap_belize"
		},
		{
			"name": "img-RTL/navigationbar/light_WS_overflow.png",
			"theme": "sap_belize"
		},
		{
			"name": "img-RTL/navigationbar/light_WS_scroll_next.png",
			"theme": "sap_belize"
		},
		{
			"name": "img-RTL/navigationbar/light_WS_scroll_prev.png",
			"theme": "sap_belize"
		},
		{
			"name": "img-RTL/notification_bar/alert_white_24.png",
			"theme": "sap_belize"
		},
		{
			"name": "img-RTL/notification_bar/arrows/ArrowBar_down.png",
			"theme": "sap_belize"
		},
		{
			"name": "img-RTL/notification_bar/arrows/ArrowBar_down_hover.png",
			"theme": "sap_belize"
		},
		{
			"name": "img-RTL/notification_bar/arrows/ArrowBar_up.png",
			"theme": "sap_belize"
		},
		{
			"name": "img-RTL/notification_bar/arrows/ArrowBar_up_hover.png",
			"theme": "sap_belize"
		},
		{
			"name": "img-RTL/notification_bar/arrows/DoubleArrow_down.png",
			"theme": "sap_belize"
		},
		{
			"name": "img-RTL/notification_bar/arrows/DoubleArrow_down_hover.png",
			"theme": "sap_belize"
		},
		{
			"name": "img-RTL/notification_bar/arrows/DoubleArrow_up.png",
			"theme": "sap_belize"
		},
		{
			"name": "img-RTL/notification_bar/arrows/DoubleArrow_up_hover.png",
			"theme": "sap_belize"
		},
		{
			"name": "img-RTL/notification_bar/notification_24.png",
			"theme": "sap_belize"
		},
		{
			"name": "img-RTL/open_in_new_window.png",
			"theme": "sap_belize"
		},
		{
			"name": "img-RTL/shell/Canvas_shadow_left.png",
			"theme": "sap_belize"
		},
		{
			"name": "img-RTL/shell/Canvas_shadow_panel.png",
			"theme": "sap_belize"
		},
		{
			"name": "img-RTL/shell/Canvas_shadow_right.png",
			"theme": "sap_belize"
		},
		{
			"name": "img-RTL/shell/LogOut_icon.png",
			"theme": "sap_belize"
		},
		{
			"name": "img-RTL/shell/LogOut_icon_hover.png",
			"theme": "sap_belize"
		},
		{
			"name": "img-RTL/shell/Workset_bg.png",
			"theme": "sap_belize"
		},
		{
			"name": "img-RTL/shell/content_shadow_after.png",
			"theme": "sap_belize"
		},
		{
			"name": "img-RTL/shell/content_shadow_before.png",
			"theme": "sap_belize"
		},
		{
			"name": "img-RTL/shell/lightBG.png",
			"theme": "sap_belize"
		},
		{
			"name": "img-RTL/shell/paneBar_arrow_selected.png",
			"theme": "sap_belize"
		},
		{
			"name": "img-RTL/shell/tools.png",
			"theme": "sap_belize"
		},
		{
			"name": "img-RTL/status_ico_favorite.png",
			"theme": "sap_belize"
		},
		{
			"name": "img-RTL/status_ico_flag.png",
			"theme": "sap_belize"
		},
		{
			"name": "img-RTL/status_ico_shared.png",
			"theme": "sap_belize"
		},
		{
			"name": "img/Settings_hover.png",
			"theme": "sap_belize"
		},
		{
			"name": "img/Settings_regular.png",
			"theme": "sap_belize"
		},
		{
			"name": "img/bg_white_transparent.png",
			"theme": "sap_belize"
		},
		{
			"name": "img/close_hover.png",
			"theme": "sap_belize"
		},
		{
			"name": "img/collection_inspector/facet_down_grey.png",
			"theme": "sap_belize"
		},
		{
			"name": "img/collection_inspector/facet_down_white.png",
			"theme": "sap_belize"
		},
		{
			"name": "img/collection_inspector/facet_right_grey.png",
			"theme": "sap_belize"
		},
		{
			"name": "img/collection_inspector/facet_right_white.png",
			"theme": "sap_belize"
		},
		{
			"name": "img/exact/Action_Menu_hover.png",
			"theme": "sap_belize"
		},
		{
			"name": "img/exact/Action_Menu_regular.png",
			"theme": "sap_belize"
		},
		{
			"name": "img/exact/close_down.png",
			"theme": "sap_belize"
		},
		{
			"name": "img/exact/close_hover.png",
			"theme": "sap_belize"
		},
		{
			"name": "img/exact/close_regular.png",
			"theme": "sap_belize"
		},
		{
			"name": "img/exact/collapse_list_hover.png",
			"theme": "sap_belize"
		},
		{
			"name": "img/exact/collapse_list_regular.png",
			"theme": "sap_belize"
		},
		{
			"name": "img/exact/expand_2_down.png",
			"theme": "sap_belize"
		},
		{
			"name": "img/exact/expand_2_hover.png",
			"theme": "sap_belize"
		},
		{
			"name": "img/exact/expand_2_regular.png",
			"theme": "sap_belize"
		},
		{
			"name": "img/exact/expand_down.png",
			"theme": "sap_belize"
		},
		{
			"name": "img/exact/expand_hover.png",
			"theme": "sap_belize"
		},
		{
			"name": "img/exact/expand_item_regular.png",
			"theme": "sap_belize"
		},
		{
			"name": "img/exact/expand_list_hover.png",
			"theme": "sap_belize"
		},
		{
			"name": "img/exact/expand_list_regular.png",
			"theme": "sap_belize"
		},
		{
			"name": "img/exact/expand_regular.png",
			"theme": "sap_belize"
		},
		{
			"name": "img/exact/resize.gif",
			"theme": "sap_belize"
		},
		{
			"name": "img/exact/tophead_hover.png",
			"theme": "sap_belize"
		},
		{
			"name": "img/exact/tophead_regular.png",
			"theme": "sap_belize"
		},
		{
			"name": "img/feed/Action_Comment_hover.png",
			"theme": "sap_belize"
		},
		{
			"name": "img/feed/Action_Comment_regular.png",
			"theme": "sap_belize"
		},
		{
			"name": "img/feed/Action_Favorite_hover.png",
			"theme": "sap_belize"
		},
		{
			"name": "img/feed/Action_Favorite_regular.png",
			"theme": "sap_belize"
		},
		{
			"name": "img/feed/Action_Flag_hover.png",
			"theme": "sap_belize"
		},
		{
			"name": "img/feed/Action_Flag_regular.png",
			"theme": "sap_belize"
		},
		{
			"name": "img/feed/Action_Inspect_hover.png",
			"theme": "sap_belize"
		},
		{
			"name": "img/feed/Action_Inspect_regular.png",
			"theme": "sap_belize"
		},
		{
			"name": "img/feed/Action_Menu_hover.png",
			"theme": "sap_belize"
		},
		{
			"name": "img/feed/Action_Menu_regular.png",
			"theme": "sap_belize"
		},
		{
			"name": "img/feed/Collapse_button.png",
			"theme": "sap_belize"
		},
		{
			"name": "img/feed/Collapse_button_hover.png",
			"theme": "sap_belize"
		},
		{
			"name": "img/feed/Delete_button.png",
			"theme": "sap_belize"
		},
		{
			"name": "img/feed/Delete_button_down.png",
			"theme": "sap_belize"
		},
		{
			"name": "img/feed/Delete_button_hover.png",
			"theme": "sap_belize"
		},
		{
			"name": "img/feed/Expand_button.png",
			"theme": "sap_belize"
		},
		{
			"name": "img/feed/Expand_button_hover.png",
			"theme": "sap_belize"
		},
		{
			"name": "img/feed/Line_Comments.png",
			"theme": "sap_belize"
		},
		{
			"name": "img/feed/Share.png",
			"theme": "sap_belize"
		},
		{
			"name": "img/feed/Share_hover.png",
			"theme": "sap_belize"
		},
		{
			"name": "img/feed/Triangle_Comments.png",
			"theme": "sap_belize"
		},
		{
			"name": "img/feed/ico12_click.png",
			"theme": "sap_belize"
		},
		{
			"name": "img/feed/relevantHovered.png",
			"theme": "sap_belize"
		},
		{
			"name": "img/feed/relevantSelected.png",
			"theme": "sap_belize"
		},
		{
			"name": "img/feed/relevantUnselected.png",
			"theme": "sap_belize"
		},
		{
			"name": "img/menubutton/Menu_Disabled.png",
			"theme": "sap_belize"
		},
		{
			"name": "img/menubutton/Menu_Hover.png",
			"theme": "sap_belize"
		},
		{
			"name": "img/menubutton/Menu_Regular.png",
			"theme": "sap_belize"
		},
		{
			"name": "img/navigationbar/WS_overflow.png",
			"theme": "sap_belize"
		},
		{
			"name": "img/navigationbar/WS_scroll_next.png",
			"theme": "sap_belize"
		},
		{
			"name": "img/navigationbar/WS_scroll_prev.png",
			"theme": "sap_belize"
		},
		{
			"name": "img/navigationbar/facetNext.png",
			"theme": "sap_belize"
		},
		{
			"name": "img/navigationbar/facetOverflow.png",
			"theme": "sap_belize"
		},
		{
			"name": "img/navigationbar/facetPrev.png",
			"theme": "sap_belize"
		},
		{
			"name": "img/navigationbar/light_WS_overflow.png",
			"theme": "sap_belize"
		},
		{
			"name": "img/navigationbar/light_WS_scroll_next.png",
			"theme": "sap_belize"
		},
		{
			"name": "img/navigationbar/light_WS_scroll_prev.png",
			"theme": "sap_belize"
		},
		{
			"name": "img/notification_bar/alert_white_24.png",
			"theme": "sap_belize"
		},
		{
			"name": "img/notification_bar/arrows/ArrowBar_down.png",
			"theme": "sap_belize"
		},
		{
			"name": "img/notification_bar/arrows/ArrowBar_down_hover.png",
			"theme": "sap_belize"
		},
		{
			"name": "img/notification_bar/arrows/ArrowBar_up.png",
			"theme": "sap_belize"
		},
		{
			"name": "img/notification_bar/arrows/ArrowBar_up_hover.png",
			"theme": "sap_belize"
		},
		{
			"name": "img/notification_bar/arrows/DoubleArrow_down.png",
			"theme": "sap_belize"
		},
		{
			"name": "img/notification_bar/arrows/DoubleArrow_down_hover.png",
			"theme": "sap_belize"
		},
		{
			"name": "img/notification_bar/arrows/DoubleArrow_up.png",
			"theme": "sap_belize"
		},
		{
			"name": "img/notification_bar/arrows/DoubleArrow_up_hover.png",
			"theme": "sap_belize"
		},
		{
			"name": "img/notification_bar/notification_24.png",
			"theme": "sap_belize"
		},
		{
			"name": "img/open_in_new_window.png",
			"theme": "sap_belize"
		},
		{
			"name": "img/shell/Canvas_shadow_left.png",
			"theme": "sap_belize"
		},
		{
			"name": "img/shell/Canvas_shadow_panel.png",
			"theme": "sap_belize"
		},
		{
			"name": "img/shell/Canvas_shadow_right.png",
			"theme": "sap_belize"
		},
		{
			"name": "img/shell/LogOut_icon.png",
			"theme": "sap_belize"
		},
		{
			"name": "img/shell/LogOut_icon_hover.png",
			"theme": "sap_belize"
		},
		{
			"name": "img/shell/Workset_bg.png",
			"theme": "sap_belize"
		},
		{
			"name": "img/shell/content_shadow_after.png",
			"theme": "sap_belize"
		},
		{
			"name": "img/shell/content_shadow_before.png",
			"theme": "sap_belize"
		},
		{
			"name": "img/shell/lightBG.png",
			"theme": "sap_belize"
		},
		{
			"name": "img/shell/paneBar_arrow_selected.png",
			"theme": "sap_belize"
		},
		{
			"name": "img/shell/tools.png",
			"theme": "sap_belize"
		},
		{
			"name": "img/status_ico_favorite.png",
			"theme": "sap_belize"
		},
		{
			"name": "img/status_ico_flag.png",
			"theme": "sap_belize"
		},
		{
			"name": "img/status_ico_shared.png",
			"theme": "sap_belize"
		},
		{
			"name": "library-RTL-dbg.css",
			"isDebug": true,
			"theme": "sap_belize"
		},
		{
			"name": "library-RTL.css",
			"theme": "sap_belize"
		},
		{
			"name": "library-dbg.css",
			"isDebug": true,
			"theme": "sap_belize"
		},
		{
			"name": "library-parameters.json",
			"theme": "sap_belize"
		},
		{
			"name": "library.css",
			"theme": "sap_belize"
		},
		{
			"name": "library.less",
			"designtime": true,
			"theme": "sap_belize"
		},
		{
			"name": "library.source.less",
			"designtime": true,
			"theme": "sap_belize"
		},
		{
			"name": "shared.less",
			"designtime": true,
			"theme": "sap_belize"
		}
	]
}