{"sapBrandColor":"#000000","sapHighlightColor":"#cc8700","sapBaseColor":"#dddddd","sapShellColor":"#ffffff","sapBackgroundColor":"#ffffff","sapFontFamily":"Arial, Helvetica, sans-serif","sapFontSize":"0.75em","sapTextColor":"#000000","sapLinkColor":"#000000","sapCompanyLogo":"none","sapBackgroundImage":"none","sapBackgroundImageOpacity":"1","sapBackgroundImageRepeat":"false","sapSelectedColor":"#2e9cea","sapActiveColor":"#cc8700","sapHighlightTextColor":"#ffffff","sapTitleColor":"#000000","sapNegativeColor":"#bb0000","sapCriticalColor":"#e78c07","sapPositiveColor":"#2b7d2b","sapNeutralColor":"#ffffff","sapNegativeElementColor":"#bb0000","sapCriticalElementColor":"#e78c07","sapPositiveElementColor":"#2b7d2b","sapNeutralElementColor":"#ffffff","sapContent_LineHeight":"1.3","sapContent_ElementHeight":"1.37em","sapContent_ElementHeight_PX":"22px","sapContent_IconHeight":"16px","sapContent_IconColor":"#000000","sapContent_ContrastIconColor":"#ffffff","sapContent_NonInteractiveIconColor":"#000000","sapContent_MarkerIconColor":"#000000","sapContent_FocusColor":"#000000","sapContent_ContrastFocusColor":"#ffffff","sapContent_ShadowColor":"#000000","sapContent_ContrastShadowColor":"#ffffff","sapContent_SearchHighlightColor":"#cc8700","sapContent_HelpColor":"#006500","sapContent_LabelColor":"#000000","sapContent_MonospaceFontFamily":"lucida console, monospace","sapContent_DisabledTextColor":"#666666","sapContent_DisabledOpacity":"0.5","sapContent_ContrastTextThreshold":"0.65","sapContent_ContrastTextColor":"#ffffff","sapContent_ForegroundColor":"#e5e5e5","sapContent_ForegroundBorderColor":"#000000","sapContent_ForegroundTextColor":"#000000","sapShell_Background":"#ffffff","sapShell_BackgroundImage":"#ffffff","sapShell_BackgroundGradient":"#ffffff","sapShell_BackgroundImageOpacity":"1","sapShell_BackgroundImageRepeat":"false","sapShell_BorderColor":"#666666","sapShell_TextColor":"#000000","sapShell_Favicon":"none","sapButton_BorderWidth":"1px","sapButton_BorderCornerRadius":"0","sapButton_Background":"#ffffff","sapButton_BorderColor":"#000000","sapButton_TextColor":"#000000","sapButton_Disabled_Background":"#ffffff","sapButton_Disabled_BorderColor":"#666666","sapButton_Disabled_TextColor":"#666666","sapButton_Hover_Background":"#cc8700","sapButton_Hover_BorderColor":"#000000","sapButton_Hover_TextColor":"#ffffff","sapButton_Emphasized_Background":"#ffffff","sapButton_Emphasized_BorderColor":"#000000","sapButton_Emphasized_TextColor":"#000000","sapButton_Reject_Background":"#ffffff","sapButton_Accept_Background":"#ffffff","sapField_Background":"#ffffff","sapField_BorderColor":"#000000","sapField_TextColor":"#000000","sapField_HelpBackground":"#ffffff","sapField_BorderWidth":"1px","sapField_BorderCornerRadius":"0","sapField_Hover_Background":"#ffffff","sapField_Hover_BorderColor":"#000000","sapField_Hover_HelpBackground":"#cc8700","sapField_Focus_Background":"#ffffff","sapField_Focus_BorderColor":"#000000","sapField_Focus_HelpBackground":"#ffffff","sapField_Disabled_Background":"#959595","sapField_Disabled_BorderColor":"#4f4f4f","sapField_Disabled_TextColor":"#666666","sapField_Disabled_HelpBackground":"#959595","sapField_ReadOnly_Background":"#959595","sapField_ReadOnly_BorderColor":"#4f4f4f","sapField_ReadOnly_HelpBackground":"#959595","sapField_RequiredColor":"#000000","sapField_InvalidColor":"#ffffff","sapField_InvalidBackground":"#cc8700","sapField_WarningColor":"#000000","sapField_WarningBackground":"#ffffff","sapField_SuccessColor":"#000000","sapField_SuccessBackground":"#ffffff","sapGroup_TitleBackground":"#ffffff","sapGroup_TitleBorderColor":"#000000","sapGroup_TitleTextColor":"#000000","sapGroup_Title_FontSize":"1em","sapGroup_ContentBackground":"#ffffff","sapGroup_ContentBorderColor":"#000000","sapGroup_BorderWidth":"1px","sapGroup_BorderCornerRadius":"0","sapGroup_FooterBackground":"#ffffff","sapToolbar_Background":"#ffffff","sapToolbar_SeparatorColor":"#000000","sapList_HeaderBackground":"#ffffff","sapList_HeaderBorderColor":"#000000","sapList_HeaderTextColor":"#000000","sapList_BorderColor":"#4f4f4f","sapList_BorderWidth":"1px","sapList_HighlightColor":"#cc8700","sapList_SelectionBackgroundColor":"#2e9cea","sapList_Background":"#ffffff","sapList_Hover_Background":"#cc8700","sapScrollBar_FaceColor":"#4f4f4f","sapScrollBar_TrackColor":"#ffffff","sapScrollBar_BorderColor":"#4f4f4f","sapScrollBar_SymbolColor":"#000000","sapScrollBar_Dimension":"16px","sapScrollBar_Hover_FaceColor":"#000000","sapPageHeader_Background":"#ffffff","sapPageHeader_BorderColor":"#000000","sapPageHeader_TextColor":"#000000","sapPageFooter_Background":"#ffffff","sapPageFooter_TextColor":"#000000","sapInfobar_Background":"#ffffff","sapObjectHeader_Background":"#ffffff","sapBlockLayer_Background":"#000000","sapTile_Background":"#ffffff","sapTile_BorderColor":"#000000","sapTile_TitleTextColor":"#000000","sapTile_TextColor":"#000000","sapTile_IconColor":"#000000","sapChart_OrderedColor_1":"#5cbae6","sapChart_OrderedColor_2":"#b6d957","sapChart_OrderedColor_3":"#fac364","sapChart_OrderedColor_4":"#8cd3ff","sapChart_OrderedColor_5":"#d998cb","sapChart_OrderedColor_6":"#f2d249","sapChart_OrderedColor_7":"#93b9c6","sapChart_OrderedColor_8":"#ccc5a8","sapChart_OrderedColor_9":"#52bacc","sapChart_OrderedColor_10":"#dbdb46","sapChart_OrderedColor_11":"#98aafb","sapChart_Bad":"#dc0d0e","sapChart_Critical":"#de890d","sapChart_Good":"#3fa45b","sapChart_Neutral":"#848f94","sapChart_Sequence_1":"#27a3dd","sapChart_Sequence_2":"#9dc62d","sapChart_Sequence_3":"#f8ac29","sapChart_Sequence_Neutral":"#848f94","sapUiBrand":"#000000","sapUiHighlight":"#cc8700","sapUiBaseColor":"#dddddd","sapUiShellColor":"#ffffff","sapUiBaseBG":"#ffffff","sapUiGlobalBackgroundColor":"#ffffff","sapUiBaseText":"#000000","sapUiLink":"#000000","sapUiGlobalLogo":"none","sapUiGlobalBackgroundImage":"none","sapUiBackgroundImage":"none","sapUiUx3ShellBackgroundImageURL":"none","sapUiGlobalBackgroundImageOpacity":"1","sapUiGlobalBackgroundRepeat":"false","sapUiSelected":"#2e9cea","sapUiActive":"#cc8700","sapUiHighlightTextColor":"#ffffff","sapUiTextTitle":"#000000","sapUiContentIconColor":"#000000","sapUiContentContrastIconColor":"#ffffff","sapUiContentNonInteractiveIconColor":"#000000","sapUiContentMarkerIconColor":"#000000","sapUiContentMarkerTextColor":"#000000","sapUiContentImagePlaceholderBackground":"#ffffff","sapUiContentImagePlaceholderForegroundColor":"#000000","sapUiContentFocusColor":"#000000","sapUiContentContrastFocusColor":"#ffffff","sapUiContentShadowColor":"#000000","sapUiContentContrastShadowColor":"#ffffff","sapUiContentSearchHighlightColor":"#cc8700","sapUiContentHelpColor":"#006500","sapUiContentLabelColor":"#000000","sapUiContentDisabledTextColor":"#666666","sapUiContentDisabledOpacity":"0.5","sapUiContentContrastTextThreshold":"0.65","sapUiContentContrastTextColor":"#ffffff","sapUiContentForegroundColor":"#e5e5e5","sapUiContentForegroundBorderColor":"#000000","sapUiContentForegroundTextColor":"#000000","sapUiShellBackground":"#ffffff","sapUiShellBackgroundImage":"#ffffff","sapUiShellBackgroundImageOpacity":"1","sapUiShellBackgroundImageRepeat":"false","sapUiShellBackgroundGradient":"#ffffff","sapUiShellBorderColor":"#666666","sapUiShellTextColor":"#000000","sapUiShellFavicon":"none","sapUiButtonBackground":"#ffffff","sapUiButtonBorderColor":"#000000","sapUiButtonTextColor":"#000000","sapUiButtonDisabledBackground":"#ffffff","sapUiButtonDisabledBorderColor":"#666666","sapUiButtonDisabledTextColor":"#666666","sapUiButtonHoverBackground":"#cc8700","sapUiButtonHoverBorderColor":"#000000","sapUiButtonHoverTextColor":"#ffffff","sapUiButtonEmphasizedBackground":"#ffffff","sapUiButtonEmphasizedBorderColor":"#000000","sapUiButtonEmphasizedTextColor":"#000000","sapUiButtonRejectBackground":"#ffffff","sapUiButtonAcceptBackground":"#ffffff","sapUiFieldBackground":"#ffffff","sapUiFieldBorderColor":"#000000","sapUiFieldTextColor":"#000000","sapUiFieldHelpBackground":"#ffffff","sapUiFieldHoverBackground":"#ffffff","sapUiFieldHoverBorderColor":"#000000","sapUiFieldHoverHelpBackground":"#cc8700","sapUiFieldFocusBackground":"#ffffff","sapUiFieldFocusBorderColor":"#000000","sapUiFieldFocusHelpBackground":"#ffffff","sapUiFieldReadOnlyBackground":"#959595","sapUiFieldReadOnlyBorderColor":"#4f4f4f","sapUiFieldReadOnlyHelpBackground":"#959595","sapUiFieldDisabledBackground":"#959595","sapUiFieldDisabledBorderColor":"#4f4f4f","sapUiFieldDisabledTextColor":"#666666","sapUiFieldDisabledHelpBackground":"#959595","sapUiFieldRequiredColor":"#000000","sapUiFieldInvalidColor":"#ffffff","sapUiFieldInvalidBackground":"#cc8700","sapUiFieldWarningColor":"#000000","sapUiFieldWarningBackground":"#ffffff","sapUiFieldSuccessColor":"#000000","sapUiFieldSuccessBackground":"#ffffff","sapUiGroupTitleBackground":"#ffffff","sapUiGroupTitleBorderColor":"#000000","sapUiGroupTitleTextColor":"#000000","sapUiGroupContentBackground":"#ffffff","sapUiGroupContentBorderColor":"#000000","sapUiGroupFooterBackground":"#ffffff","sapUiToolbarBackground":"#ffffff","sapUiToolbarSeparatorColor":"#000000","sapUiListHeaderBackground":"#ffffff","sapUiListHeaderBorderColor":"#000000","sapUiListHeaderTextColor":"#000000","sapUiListBorderColor":"#4f4f4f","sapUiListHighlightColor":"#cc8700","sapUiListSelectionBackgroundColor":"#2e9cea","sapUiListBackground":"#ffffff","sapUiListHoverBackground":"#cc8700","sapUiScrollBarFaceColor":"#4f4f4f","sapUiScrollBarTrackColor":"#ffffff","sapUiScrollBarBorderColor":"#4f4f4f","sapUiScrollBarSymbolColor":"#000000","sapUiScrollBarHoverFaceColor":"#000000","sapUiPageHeaderBackground":"#ffffff","sapUiPageHeaderBorderColor":"#000000","sapUiPageHeaderTextColor":"#d3d3d3","sapUiPageFooterBackground":"#ffffff","sapUiPageFooterTextColor":"#000000","sapUiInfobarBackground":"#ffffff","sapUiObjectHeaderBackground":"#ffffff","sapUiBlockLayerBackground":"#000000","sapUiTileBackground":"#ffffff","sapUiTileBorderColor":"#000000","sapUiTileTitleTextColor":"#000000","sapUiTileTextColor":"#000000","sapUiTileIconColor":"#000000","sapUiChart1":"#5cbae6","sapUiChart2":"#b6d957","sapUiChart3":"#fac364","sapUiChart4":"#8cd3ff","sapUiChart5":"#d998cb","sapUiChart6":"#f2d249","sapUiChart7":"#93b9c6","sapUiChart8":"#ccc5a8","sapUiChart9":"#52bacc","sapUiChart10":"#dbdb46","sapUiChart11":"#98aafb","sapUiChartBad":"#dc0d0e","sapUiChartCritical":"#de890d","sapUiChartGood":"#3fa45b","sapUiChartNeutral":"#848f94","sapUiChartSequence1":"#27a3dd","sapUiChartSequence2":"#9dc62d","sapUiChartSequence3":"#f8ac29","sapUiChartSequenceNeutral":"#848f94","sapUiAccent1":"#5f5800","sapUiAccent2":"#5e4101","sapUiAccent3":"#973333","sapUiAccent4":"#961d7c","sapUiAccent5":"#365892","sapUiAccent6":"#004ccb","sapUiAccent7":"#105b5b","sapUiAccent8":"#26340b","sapUiErrorBG":"#ff9a90","sapUiWarningBG":"#faf2b0","sapUiSuccessBG":"#e4f6e4","sapUiNeutralBG":"#ffffff","sapUiErrorBorder":"#ff0000","sapUiWarningBorder":"#ffff00","sapUiSuccessBorder":"#38a338","sapUiNeutralBorder":"#ffffff","sapUiNegativeElement":"#bb0000","sapUiCriticalElement":"#e78c07","sapUiPositiveElement":"#2b7d2b","sapUiNeutralElement":"#ffffff","sapUiNegativeText":"#ff0000","sapUiCriticalText":"#e78c07","sapUiPositiveText":"#b5e7a8","sapUiNeutralText":"#ffffff","sapUiNegative":"#bb0000","sapUiCritical":"#e78c07","sapUiPositive":"#2b7d2b","sapUiNeutral":"#ffffff","sapUiErrorColor":"#ee0000","sapUiWarningColor":"#f9a429","sapUiSuccessColor":"#38a338","sapUiFontFamily":"Arial, Helvetica, sans-serif","sapUiFontSize":"medium","sapUiFontCondensedFamily":"'Arial Narrow', HelveticaNeue-CondensedBold, Arial, sans-serif","sapUiFontHeaderFamily":"Arial, Helvetica, sans-serif","sapUiFontHeaderWeight":"normal","sapMFontHeader1Size":"1.625rem","sapMFontHeader2Size":"1.375rem","sapMFontHeader3Size":"1.25rem","sapMFontHeader4Size":"1.125rem","sapMFontHeader5Size":"1rem","sapMFontHeader6Size":"0.875rem","sapMFontSmallSize":"0.75rem","sapMFontMediumSize":"0.875rem","sapMFontLargeSize":"1rem","sapUiTranslucentBGOpacity":"80%","sapMPlatformDependent":"false","sapUiDesktopFontFamily":"Arial, Helvetica, sans-serif","sapUiDesktopFontSize":"12px","sapUiFontLargeSize":"13px","sapUiFontSmallSize":"11px","sapUiFontHeader1Size":"26px","sapUiFontHeader2Size":"20px","sapUiFontHeader3Size":"18px","sapUiFontHeader4Size":"16px","sapUiFontHeader5Size":"14px","sapUiFontHeader6Size":"13px","sapUiLineHeight":"18px","sapUiChartLabelHoverColor":"#cc8700","sapUiChartLabelPressedColor":"#d4d4d4","sapUiChartCategoryAxisLabelFontColor":"#000000","sapUiChartValueAxisLabelFontColor":"#3d3d3d","sapUiChartCategoryAxisLabelFontSize":"0.75rem","sapUiChartValueAxisLabelFontSize":"0.75rem","sapUiChartCategoryAxisLineColor":"#0d0d0d","sapUiChartValueAxisLineColor":"#0d0d0d","sapUiChartCategoryAxisTickColor":"#0d0d0d","sapUiChartValueAxisTickColor":"#0d0d0d","sapUiChartBackgroundColor":"transparent","sapUiChartLabelFontWeight":"normal","sapUiChartLegendLabelFontColor":"#000000","sapUiChartLegendTitleFontColor":"#000000","sapUiChartLegendTitleFontSize":"0.875rem","sapUiChartLegendLabelFontSize":"0.75rem","sapUiChartPaletteUndefinedColor":"#000000","sapUiChartGridlineColor":"#262626","sapUiChartReferenceLineColor":"#000000","sapUiChartDataLabelFontColor":"#000000","sapUiChartReferenceLineLabelColor":"#000000","sapUiChartDataLabelFontSize":"0.75rem","sapUiChartPopoverDataItemFontColor":"#000000","sapUiChartPopoverGroupFontColor":"#000000","sapUiChartPopoverDataItemFontSize":"0.875rem","sapUiChartPopoverGroupFontSize":"0.875rem","sapUiChartPopoverGroupFontWeight":"bold","sapUiChartScrollBarThumbColor":"#4f4f4f","sapUiChartScrollBarTrackColor":"#ffffff","sapUiChartScrollBarThumbHoverColor":"#000000","sapUiChartMainTitleFontColor":"#000000","sapUiChartAxisTitleFontColor":"#000000","sapUiChartMainTitleFontSize":"1rem","sapUiChartAxisTitleFontSize":"0.875rem","sapUiChartTitleFontWeight":"bold","sapUiChartLightText":"#3d3d3d","sapUiChartZeroAxisColor":"#000000","sapUiChartDataPointBorderColor":"#ffffff","sapUiChartDataPointBorderHoverSelectedColor":"#000000","sapUiChartDataPointNotSelectedBackgroundOpacity":"0.6","sapUiChartValueAxisLineOpacity":"0","sapUiChartCategoryAxisLabelFontHoverColor":"#000000","sapUiChartCategoryAxisLabelFontPressedColor":"#000000","sapUiChartTargetColor":"#000000","sapUiChartTargetShadowColor":"#ffffff","sapUiChartBubbleBGOpacity":"0.8","sapUiChartScrollbarBorderColor":"#8f8f8f","sapUiChartScrollbarBorderSize":"0","sapUiChartScrollbarThumbPadding":"0","sapUiChartNegativeLargeText":"#dc0d0e","sapUiChartCriticalLargeText":"#de890d","sapUiChartPositiveLargeText":"#3fa45b","sapUiChartNeutralLargeText":"#69767c","sapUiChartDataPointBG":"#d5dadc","sapUiChartDataPointBGBorderColor":"#d5dadc","sapUiChartDataLineColorWithBG":"#000000","sapUiChartDataLineColor":"#000000","sapUiChartRadialRemainingCircle":"#e3e6e7","sapUiChartRadialRemainingCircleBorderColor":"#e3e6e7","sapUiChartRadialBG":"#ffffff","sapUiChartPaletteQualitativeHue1":"#5cbae6","sapUiChartPaletteQualitativeHue2":"#b6d957","sapUiChartPaletteQualitativeHue3":"#fac364","sapUiChartPaletteQualitativeHue4":"#8cd3ff","sapUiChartPaletteQualitativeHue5":"#d998cb","sapUiChartPaletteQualitativeHue6":"#f2d249","sapUiChartPaletteQualitativeHue7":"#93b9c6","sapUiChartPaletteQualitativeHue8":"#ccc5a8","sapUiChartPaletteQualitativeHue9":"#52bacc","sapUiChartPaletteQualitativeHue10":"#dbdb46","sapUiChartPaletteQualitativeHue11":"#98aafb","sapUiChartPaletteSemanticBadLight3":"#f99494","sapUiChartPaletteSemanticBadLight2":"#f66364","sapUiChartPaletteSemanticBadLight1":"#f33334","sapUiChartPaletteSemanticBad":"#dc0d0e","sapUiChartPaletteSemanticBadDark1":"#b90c0d","sapUiChartPaletteSemanticBadDark2":"#930a0a","sapUiChartPaletteSemanticCriticalLight3":"#f8cc8c","sapUiChartPaletteSemanticCriticalLight2":"#f5b04d","sapUiChartPaletteSemanticCriticalLight1":"#f29b1d","sapUiChartPaletteSemanticCritical":"#de890d","sapUiChartPaletteSemanticCriticalDark1":"#c67a0c","sapUiChartPaletteSemanticCriticalDark2":"#a4650a","sapUiChartPaletteSemanticGoodLight3":"#a1dbb1","sapUiChartPaletteSemanticGoodLight2":"#71c989","sapUiChartPaletteSemanticGoodLight1":"#4cba6b","sapUiChartPaletteSemanticGood":"#3fa45b","sapUiChartPaletteSemanticGoodDark1":"#358a4d","sapUiChartPaletteSemanticGoodDark2":"#2a6d3c","sapUiChartPaletteSemanticNeutralLight3":"#d5dadc","sapUiChartPaletteSemanticNeutralLight2":"#bac1c4","sapUiChartPaletteSemanticNeutralLight1":"#9ea8ad","sapUiChartPaletteSemanticNeutral":"#848f94","sapUiChartPaletteSemanticNeutralDark1":"#69767c","sapUiChartPaletteSemanticNeutralDark2":"#596468","sapUiChartPaletteSequentialHue1Light3":"#abdbf2","sapUiChartPaletteSequentialHue1Light2":"#84caec","sapUiChartPaletteSequentialHue1Light1":"#5cbae5","sapUiChartPaletteSequentialHue1":"#27a3dd","sapUiChartPaletteSequentialHue1Dark1":"#1b7eac","sapUiChartPaletteSequentialHue1Dark2":"#156489","sapUiChartPaletteSequentialHue2Light3":"#d7eaa2","sapUiChartPaletteSequentialHue2Light2":"#c6e17d","sapUiChartPaletteSequentialHue2Light1":"#b6d957","sapUiChartPaletteSequentialHue2":"#9dc62d","sapUiChartPaletteSequentialHue2Dark1":"#759422","sapUiChartPaletteSequentialHue2Dark2":"#5b731a","sapUiChartPaletteSequentialHue3Light3":"#fde5bd","sapUiChartPaletteSequentialHue3Light2":"#fbd491","sapUiChartPaletteSequentialHue3Light1":"#fac364","sapUiChartPaletteSequentialHue3":"#f8ac29","sapUiChartPaletteSequentialHue3Dark1":"#dd8e07","sapUiChartPaletteSequentialHue3Dark2":"#b57506","sapUiChartPaletteSequentialNeutralLight3":"#d5dadc","sapUiChartPaletteSequentialNeutralLight2":"#bac1c4","sapUiChartPaletteSequentialNeutralLight1":"#9ea8ad","sapUiChartPaletteSequentialNeutral":"#848f94","sapUiChartPaletteSequentialNeutralDark1":"#69767c","sapUiChartPaletteSequentialNeutralDark2":"#596468","sapUiChoroplethBG":"#f7f7f8","sapUiChoroplethRegionBorder":"#404040","sapUiChoroplethRegionBG":"#bac1c4","sapUiMapLegendBG":"#ffffff","sapUiMapLegendBorderColor":"#0d0d0d","sapUiShellHoverBackground":"#000000","sapUiShellActiveBackground":"#000000","sapUiShellActiveTextColor":"#000000","sapUiShellHoverToggleBackground":"#2e9cea","sapUiShellContainerBackground":"#ffffff","sapUiShellAltContainerBackground":"#ffffff","sapUiUx3ShellHeaderColor":"#ffffff","sapUiUx3ShellBackgroundColor":"#ffffff","sapUiUx3ShellHoverColor":"#000000","sapUiUx3ShellGradientBottom":"#ffffff","sapUiUx3ShellGradientTop":"#fdfcf7","sapUiUx3ShellToolPaletteIconFontColor":"#8899aa","sapUiUx3ExactLstExpandOffset":"0 0","sapUiUx3ExactLstRootExpandOffset":"0 3","sapUiUx3ExactLstContentTop":"25px","sapUiLinkActive":"#000000","sapUiLinkVisited":"#000000","sapUiLinkHover":"#000000","sapUiLinkInverted":"#000000","sapUiNotificationBarBG":"rgba(128, 128, 128, 0.92)","sapUiNotifierSeparator":"#808080","sapUiNotifierSeparatorWidth":"2px","sapUiNotificationBarBorder":"rgba(128, 128, 128, 0.92)","sapUiUx3ToolPopupInverted":"true","sapUiUx3ToolPopupArrowRightMarginCorrection":"-2px","sapUiUx3ToolPopupShadow":"0px 6px 12px 0px rgba(0, 0, 0, 0.3)","sapUiCalloutShadow":"0px 6px 12px 0px rgba(0, 0, 0, 0.3)","sapUiButtonIconColor":"#000000","sapUiButtonActiveBackground":"#cc8700","sapUiButtonActiveBorderColor":"#cc8700","sapUiButtonActiveTextColor":"#ffffff","sapUiButtonEmphasizedHoverBackground":"#f2f2f2","sapUiButtonEmphasizedHoverBorderColor":"#f2f2f2","sapUiButtonEmphasizedActiveBackground":"#cc8700","sapUiButtonEmphasizedActiveBorderColor":"#cc8700","sapUiButtonEmphasizedTextShadow":"rgba(0, 0, 0, 0.5)","sapUiButtonAcceptBorderColor":"#2b7d2b","sapUiButtonAcceptHoverBackground":"#cc8700","sapUiButtonAcceptHoverBorderColor":"#2b7d2b","sapUiButtonAcceptActiveBackground":"#2b7d2b","sapUiButtonAcceptActiveBorderColor":"#2b7d2b","sapUiButtonAcceptTextColor":"#b5e7a8","sapUiButtonRejectBorderColor":"#bb0000","sapUiButtonRejectHoverBackground":"#cc8700","sapUiButtonRejectHoverBorderColor":"#bb0000","sapUiButtonRejectActiveBackground":"#bb0000","sapUiButtonRejectActiveBorderColor":"#bb0000","sapUiButtonRejectTextColor":"#ff0000","sapUiButtonLiteBackground":"rgba(0, 0, 0, 0)","sapUiButtonLiteBorderColor":"rgba(0, 0, 0, 0)","sapUiButtonLiteTextColor":"#000000","sapUiButtonLiteHoverBackground":"rgba(117, 78, 0, 0.5)","sapUiButtonLiteHoverBorderColor":"rgba(117, 78, 0, 0.5)","sapUiButtonLiteActiveBackground":"#cc8700","sapUiButtonLiteActiveBorderColor":"#cc8700","sapUiButtonHeaderTextColor":"#000000","sapUiButtonHeaderDisabledTextColor":"#000000","sapUiButtonFooterTextColor":"#000000","sapUiButtonFooterHoverBackground":"rgba(117, 78, 0, 0.5)","sapUiButtonActionSelectBackground":"#ffffff","sapUiButtonActionSelectBorderColor":"#4f4f4f","sapUiButtonLiteActionSelectHoverBackground":"#cc8700","sapUiToggleButtonPressedBackground":"#cc8700","sapUiToggleButtonPressedBorderColor":"#b37600","sapUiToggleButtonPressedTextColor":"#ffffff","sapUiToggleButtonPressedHoverBackground":"#b37600","sapUiToggleButtonPressedHoverBorderColor":"#b37600","sapUiSegmentedButtonBackground":"#ffffff","sapUiSegmentedButtonBorderColor":"#141414","sapUiSegmentedButtonTextColor":"#000000","sapUiSegmentedButtonHoverBackground":"#cc8700","sapUiSegmentedButtonActiveBackground":"#cc8700","sapUiSegmentedButtonActiveTextColor":"#ffffff","sapUiSegmentedButtonSelectedBackground":"#cc8700","sapUiSegmentedButtonSelectedTextColor":"#ffffff","sapUiSegmentedButtonSelectedHoverBackground":"#b37600","sapUiSegmentedButtonSelectedHoverBorderColor":"#b37600","sapUiSegmentedButtonIconColor":"#000000","sapUiSegmentedButtonActiveIconColor":"#ffffff","sapUiSegmentedButtonSelectedIconColor":"#ffffff","sapUiSegmentedButtonFooterBorderColor":"#141414","sapUiSegmentedButtonFooterHoverBackground":"#cc8700","sapUiFieldActiveBackground":"#cc8700","sapUiFieldActiveBorderColor":"#cc8700","sapUiFieldActiveTextColor":"#ffffff","sapUiFieldPlaceholderTextColor":"#707070","sapUiListTextColor":"#333333","sapUiListVerticalBorderColor":"#474747","sapUiListActiveBackground":"#cc8700","sapUiListActiveTextColor":"#ffffff","sapUiListSelectionHoverBackground":"#2095e9","sapUiListFooterBackground":"#ffffff","sapUiListFooterTextColor":"#000000","sapUiListGroupHeaderBackground":"#ffffff","sapUiListTableGroupHeaderBackground":"#f2f2f2","sapUiListTableGroupHeaderBorderColor":"#363636","sapUiListTableGroupHeaderTextColor":"#333333","sapUiListTableFooterBorder":"#363636","sapUiListTableFixedBorder":"#030303","sapUiListTableTextSize":"0.875rem","sapUiListTableIconSize":"1rem","sapUiPageFooterBorderColor":"#ebebeb","sapUiInfobarHoverBackground":"#ebebeb","sapUiInfobarActiveBackground":"#d9d9d9","sapUiObjectHeaderBorderColor":"#ebebeb","sapUiCalendarColorToday":"#000000","sapUiDragAndDropColor":"#000000","sapUiDragAndDropBackground":"#ffffff","sapUiDragAndDropBorderColor":"#000000","sapUiDragAndDropActiveColor":"#006500","sapUiDragAndDropActiveBackground":"#ffffff","sapUiDragAndDropActiveBorderColor":"#006500","sapUiShadowLevel0":"0 0 0 1px #000000","sapUiShadowLevel1":"0 0.125rem 1rem 0 rgba(255, 255, 255, 0.4), 0 0 0 2px #000000","sapUiShadowLevel2":"0 0.625rem 2rem 0 rgba(255, 255, 255, 0.5), 0 0 0 2px #000000","sapUiShadowLevel3":"0 1.25rem 4rem 0 rgba(255, 255, 255, 0.7), 0 0 0 2px #000000","sapUiShadowText":"none","sapUiShadowHeader":"inset 0 -0.125rem #ebebeb","sapUiUx3ShellHeaderImageURL":"","sapUiUx3ShellApplicationImageURL":"none","sapUiPurple":"#800080","sapUiOrange":"#ffa500","sapUiGreen":"#008000","sapUiBlue":"#0000ff","sapUiRed":"#ff0000","sapUiYellow":"#ffff00","sapUiBase":"#000000","sapUiBaseBorder":"#000000","sapUiBaseLine":"#000000","sapUiWhite":"#ffffff","sapUiWhiteBG":"#ffffff","sapUiExtraLightBG":"#ffffff","sapUiLightBG":"#d3d3d3","sapUiMediumBG":"#808080","sapUiDarkBG":"#a9a9a9","sapUiDeepBG":"#000000","sapUiBlackBG":"#000000","sapUiHoverBG":"#808080","sapUiMediumAltBG":"#808080","sapUiDarkAltBG":"#a9a9a9","sapUiButtonStandardBG":"#ffffff","sapUiButtonEmphasizedBG":"#ffff00","sapUiButtonNegativeBG":"#ff0000","sapUiButtonPositiveBG":"#008000","sapUiReadOnlyBG":"#808080","sapUiExtraLightText":"#d3d3d3","sapUiLightText":"#d3d3d3","sapUiMediumText":"#808080","sapUiDarkText":"#a9a9a9","sapUiDeepText":"#000000","sapUiText":"#000000","sapUiTextInverted":"#ffffff","sapUiWhiteBorder":"#ffffff","sapUiExtraLightBorder":"#d3d3d3","sapUiLightBorder":"#808080","sapUiMediumBorder":"#000000","sapUiDarkBorder":"#000000","sapUiBlackBorder":"#000000","sapUiElement":"#d3d3d3","sapUiInvertedElement":"#ffffff","sapUiLightLine":"#d3d3d3","sapUiMediumLine":"#808080","sapUiEmphasizedLine":"#cc8700","sapUiDarkLine":"#a9a9a9","sapUiLightShadowTint":"#ffffff","sapUiDarkShadowTint":"#000000","sapUiFocus":"#000000","sapUiInvertedFocus":"#ffffff","sapUiTableRowBG":"#ffffff","sapUiTableRowAlternatingBG":"#ffffff","sapUiTableRowSelectionBG":"#cc8700","sapUiTableRowSelectionReadOnlyBG":"#cc8700","sapUiTableRowHoverBG":"#808080","sapUiListBG":"#f7f7f7","sapUiTextColor":"#008000","sapUiTextTitleColor":"#008000","sapUiTextSelectionColor":"#008000","sapUiTextDisabled":"#999999","sapUiTextSelection":"#ffffff","sapUiTextfieldBackground":"#ffffff","sapUiFontMonospaceFamily":"Lucida Console","sapUiUx3ShellSideBarBaseWidth":"40px","sapUiUx3ShellPaneOverflowButtonHeight":"120px","sapUiUx3ExactLstCollapseWidth":"24px","sapUiUx3ExactLstHeaderHeight":"25px","sapUiNotificationBarBG_IE":"#808080","sapUiNotifierHoverColor":"#cc8700","sapUiNotificationText":"#000000","sapUiNotificationTimestamp":"#545454","sapUiNotificationBarCalloutBorder":"rgba(128, 128, 128, 0)","sapUiNotificationBarCalloutBorder_IE":"#808080","sapUiNotificationBarCalloutArr":"rgba(128, 128, 128, 0.92)","sapUiNotificationBarHeight":"40px","sapUiNotificationBarHeightMinimized":"0px","sapUiNotificationBarHeightMaximized":"40%","sapUiNotifierWidth":"40px","sapUiRIIconPaddingXS":"1px","sapUiRIIconPaddingS":"0.125rem","sapUiRIIconPaddingM":"0.1875rem","sapUiRIIconPaddingL":"0.25rem","sapUiRIIconPaddingCozy":"0.1875rem","sapUiRIIconPaddingCompact":"0.125rem","sapUiRIIconPaddingCondensed":"0.125rem","sapUiRIIconPaddingDisplayOnly":"0.125rem","sapUiRIIconSizeCozy":"1.375rem","sapUiRIIconSizeCompact":"1rem","sapUiRIIconSizeCondensed":"1rem","sapUiRIIconSizeDisplayOnly":"1rem","sapUiUx3ToolPopupArrowWidth":"13px","sapUiUx3ToolPopupArrowHeight":"24px","sapUiUx3ToolPopupArrowRightMarginCorrectionInverted":"-7px","sapUiUx3TPPaddingBottom":"50px","sapUiButtonEmphasizedDisabledBorderColor":"#000000","sapUiButtonEmphasizedDisabledBackground":"#ffffff","sapUiButtonAcceptDisabledBorderColor":"#2b7d2b","sapUiButtonAcceptDisabledBackground":"#ffffff","sapUiButtonRejectDisabledBorderColor":"#bb0000","sapUiButtonRejectDisabledBackground":"#ffffff","sapUiToggleButtonPressedDisabledBackground":"#cc8700","sapUiToggleButtonPressedDisabledBorderColor":"#b37600","sapUiToggleButtonPressedDisabledTextColor":"#bfbfbf","sapUiPositiveBG":"#b5e7a8","sapUiShadowTint":"#000000","sapUiShadow":"5px 5px 10px rgba(0, 0, 0, 0.5)","sapUiThemeDesignerCustomCss":"false","sapUiMarginTiny":"0.5rem","sapUiMarginSmall":"1rem","sapUiMarginMedium":"2rem","sapUiMarginLarge":"3rem","sapUiEscapedEmptyString":"","sapUiLightBoxMagnifyingGlassBorder":"none","sapUiLightBoxMagnifyingGlassBackgroundColor":"#000000","_sap_tnt_ToolPage_AsideWidth":"15rem","_sap_tnt_ToolPage_AsideWidthOnTablet":"3rem","_sap_tnt_ToolPage_HeaderHeight":"3rem","_sap_tnt_ToolPage_FooterHeight":"3rem","_sap_tnt_ToolPage_CompactAsideWidth":"15rem","_sap_tnt_ToolPage_CompactAsideWidthOnTablet":"2rem","_sap_tnt_ToolPage_CompactHeaderHeight":"3rem","_sap_tnt_ToolPage_CompactFooterHeight":"2rem","_sap_tnt_ToolPage_AnimationDuration":"0.3s"}