{"default":{"sapBrandColor":"#427cac","sapHighlightColor":"#427cac","sapBaseColor":"#eff4f9","sapShellColor":"transparent","sapBackgroundColor":"#fafafa","sapFontFamily":"Arial, Helvetica, sans-serif","sapFontSize":"0.75em","sapTextColor":"#333333","sapLinkColor":"#0070b1","sapCompanyLogo":"none","sapBackgroundImage":"none","sapBackgroundImageOpacity":"1","sapBackgroundImageRepeat":"false","sapSelectedColor":"#427cac","sapActiveColor":"#427cac","sapHighlightTextColor":"#ffffff","sapTitleColor":"#333333","sapNegativeColor":"#bb0000","sapCriticalColor":"#e78c07","sapPositiveColor":"#2b7d2b","sapNeutralColor":"#5e696e","sapNegativeElementColor":"#bb0000","sapCriticalElementColor":"#e78c07","sapPositiveElementColor":"#2b7d2b","sapNeutralElementColor":"#5e696e","sapContent_LineHeight":"1.3","sapContent_ElementHeight":"1.37em","sapContent_ElementHeight_PX":"22px","sapContent_IconHeight":"16px","sapContent_IconColor":"#346187","sapContent_ContrastIconColor":"#ffffff","sapContent_NonInteractiveIconColor":"#878787","sapContent_MarkerIconColor":"#678bc7","sapContent_FocusColor":"#000000","sapContent_ContrastFocusColor":"#ffffff","sapContent_ShadowColor":"#000000","sapContent_ContrastShadowColor":"#ffffff","sapContent_SearchHighlightColor":"#d4f7db","sapContent_HelpColor":"#3f8600","sapContent_LabelColor":"#666666","sapContent_MonospaceFontFamily":"lucida console, monospace","sapContent_DisabledTextColor":"rgba(51, 51, 51, 0.5)","sapContent_DisabledOpacity":"0.5","sapContent_ContrastTextThreshold":"0.65","sapContent_ContrastTextColor":"#ffffff","sapContent_ForegroundColor":"#e5e5e5","sapContent_ForegroundBorderColor":"#bfbfbf","sapContent_ForegroundTextColor":"#333333","sapShell_Background":"#c9d8e7","sapShell_BackgroundImage":"linear-gradient(to bottom, #a9c4df, #e7ecf0)","sapShell_BackgroundGradient":"linear-gradient(to bottom, #a9c4df, #e7ecf0)","sapShell_BackgroundImageOpacity":"1","sapShell_BackgroundImageRepeat":"false","sapShell_BorderColor":"transparent","sapShell_TextColor":"#346187","sapShell_Favicon":"none","sapButton_BorderWidth":"1px","sapButton_BorderCornerRadius":"3px","sapButton_Background":"#f7f7f7","sapButton_BorderColor":"#ababab","sapButton_TextColor":"#346187","sapButton_Disabled_Background":"#ffffff","sapButton_Disabled_BorderColor":"#666666","sapButton_Disabled_TextColor":"#666666","sapButton_Hover_Background":"#ebebeb","sapButton_Hover_BorderColor":"#ababab","sapButton_Hover_TextColor":"#346187","sapButton_Emphasized_Background":"#5496cd","sapButton_Emphasized_BorderColor":"#418ac7","sapButton_Emphasized_TextColor":"#ffffff","sapButton_Reject_Background":"#f7f7f7","sapButton_Accept_Background":"#f7f7f7","sapField_Background":"#ffffff","sapField_BorderColor":"#bfbfbf","sapField_TextColor":"#000000","sapField_HelpBackground":"#ffffff","sapField_BorderWidth":"1px","sapField_BorderCornerRadius":"0","sapField_Hover_Background":"#ffffff","sapField_Hover_BorderColor":"#427cac","sapField_Hover_HelpBackground":"#427cac","sapField_Focus_Background":"#ffffff","sapField_Focus_BorderColor":"#bfbfbf","sapField_Focus_HelpBackground":"#ffffff","sapField_Disabled_Background":"#959595","sapField_Disabled_BorderColor":"#4f4f4f","sapField_Disabled_TextColor":"rgba(51, 51, 51, 0.5)","sapField_Disabled_HelpBackground":"#959595","sapField_ReadOnly_Background":"rgba(242, 242, 242, 0.5)","sapField_ReadOnly_BorderColor":"#cccccc","sapField_ReadOnly_HelpBackground":"rgba(242, 242, 242, 0.5)","sapField_RequiredColor":"#c14646","sapField_InvalidColor":"#ee0000","sapField_InvalidBackground":"#ffffff","sapField_WarningColor":"#f9a429","sapField_WarningBackground":"#ffffff","sapField_SuccessColor":"#38a338","sapField_SuccessBackground":"#ffffff","sapGroup_TitleBackground":"transparent","sapGroup_TitleBorderColor":"#cccccc","sapGroup_TitleTextColor":"#333333","sapGroup_Title_FontSize":"1em","sapGroup_ContentBackground":"#ffffff","sapGroup_ContentBorderColor":"#ebebeb","sapGroup_BorderWidth":"1px","sapGroup_BorderCornerRadius":"0","sapGroup_FooterBackground":"transparent","sapToolbar_Background":"transparent","sapToolbar_SeparatorColor":"rgba(63, 81, 97, 0.2)","sapList_HeaderBackground":"#f7f7f7","sapList_HeaderBorderColor":"#e5e5e5","sapList_HeaderTextColor":"#333333","sapList_BorderColor":"#e5e5e5","sapList_BorderWidth":"1px","sapList_HighlightColor":"#427cac","sapList_SelectionBackgroundColor":"#e8eff6","sapList_Background":"#ffffff","sapList_Hover_Background":"#f0f0f0","sapScrollBar_FaceColor":"#b2b2b2","sapScrollBar_TrackColor":"#ffffff","sapScrollBar_BorderColor":"#b2b2b2","sapScrollBar_SymbolColor":"#346187","sapScrollBar_Dimension":"16px","sapScrollBar_Hover_FaceColor":"#ababab","sapPageHeader_Background":"#eff4f9","sapPageHeader_BorderColor":"#d1e0ee","sapPageHeader_TextColor":"#666666","sapPageFooter_Background":"#ffffff","sapPageFooter_TextColor":"#333333","sapInfobar_Background":"#168282","sapObjectHeader_Background":"#eff4f9","sapBlockLayer_Background":"#000000","sapTile_Background":"#ffffff","sapTile_BorderColor":"transparent","sapTile_TitleTextColor":"#333333","sapTile_TextColor":"#666666","sapTile_IconColor":"#93b7d6","sapChart_OrderedColor_1":"#5cbae6","sapChart_OrderedColor_2":"#b6d957","sapChart_OrderedColor_3":"#fac364","sapChart_OrderedColor_4":"#8cd3ff","sapChart_OrderedColor_5":"#d998cb","sapChart_OrderedColor_6":"#f2d249","sapChart_OrderedColor_7":"#93b9c6","sapChart_OrderedColor_8":"#ccc5a8","sapChart_OrderedColor_9":"#52bacc","sapChart_OrderedColor_10":"#dbdb46","sapChart_OrderedColor_11":"#98aafb","sapChart_Bad":"#dc0d0e","sapChart_Critical":"#de890d","sapChart_Good":"#3fa45b","sapChart_Neutral":"#848f94","sapChart_Sequence_1":"#27a3dd","sapChart_Sequence_2":"#9dc62d","sapChart_Sequence_3":"#f8ac29","sapChart_Sequence_Neutral":"#848f94","sapUiBrand":"#427cac","sapUiHighlight":"#427cac","sapUiBaseColor":"#eff4f9","sapUiShellColor":"transparent","sapUiBaseBG":"#fafafa","sapUiGlobalBackgroundColor":"#fafafa","sapUiBaseText":"#333333","sapUiLink":"#0070b1","sapUiGlobalLogo":"none","sapUiGlobalBackgroundImage":"none","sapUiBackgroundImage":"none","sapUiUx3ShellBackgroundImageURL":"none","sapUiGlobalBackgroundImageOpacity":"1","sapUiGlobalBackgroundRepeat":"false","sapUiSelected":"#427cac","sapUiActive":"#427cac","sapUiHighlightTextColor":"#ffffff","sapUiTextTitle":"#333333","sapUiContentIconColor":"#346187","sapUiContentContrastIconColor":"#ffffff","sapUiContentNonInteractiveIconColor":"#878787","sapUiContentMarkerIconColor":"#678bc7","sapUiContentMarkerTextColor":"#147575","sapUiContentImagePlaceholderBackground":"#ceddec","sapUiContentImagePlaceholderForegroundColor":"#ffffff","sapUiContentFocusColor":"#000000","sapUiContentContrastFocusColor":"#ffffff","sapUiContentShadowColor":"#000000","sapUiContentContrastShadowColor":"#ffffff","sapUiContentSearchHighlightColor":"#d4f7db","sapUiContentHelpColor":"#3f8600","sapUiContentLabelColor":"#666666","sapUiContentDisabledTextColor":"rgba(51, 51, 51, 0.5)","sapUiContentDisabledOpacity":"0.5","sapUiContentContrastTextThreshold":"0.65","sapUiContentContrastTextColor":"#ffffff","sapUiContentForegroundColor":"#e5e5e5","sapUiContentForegroundBorderColor":"#bfbfbf","sapUiContentForegroundTextColor":"#333333","sapUiShellBackground":"#c9d8e7","sapUiShellBackgroundImage":"linear-gradient(to bottom, #a9c4df, #e7ecf0)","sapUiShellBackgroundImageOpacity":"1","sapUiShellBackgroundImageRepeat":"false","sapUiShellBackgroundGradient":"linear-gradient(to bottom, #a9c4df, #e7ecf0)","sapUiShellBorderColor":"transparent","sapUiShellTextColor":"#346187","sapUiShellFavicon":"none","sapUiButtonBackground":"#f7f7f7","sapUiButtonBorderColor":"#ababab","sapUiButtonTextColor":"#346187","sapUiButtonDisabledBackground":"#ffffff","sapUiButtonDisabledBorderColor":"#666666","sapUiButtonDisabledTextColor":"#666666","sapUiButtonHoverBackground":"#ebebeb","sapUiButtonHoverBorderColor":"#ababab","sapUiButtonHoverTextColor":"#346187","sapUiButtonEmphasizedBackground":"#5496cd","sapUiButtonEmphasizedBorderColor":"#418ac7","sapUiButtonEmphasizedTextColor":"#ffffff","sapUiButtonRejectBackground":"#f7f7f7","sapUiButtonAcceptBackground":"#f7f7f7","sapUiFieldBackground":"#ffffff","sapUiFieldBorderColor":"#bfbfbf","sapUiFieldTextColor":"#000000","sapUiFieldHelpBackground":"#ffffff","sapUiFieldHoverBackground":"#ffffff","sapUiFieldHoverBorderColor":"#427cac","sapUiFieldHoverHelpBackground":"#427cac","sapUiFieldFocusBackground":"#ffffff","sapUiFieldFocusBorderColor":"#bfbfbf","sapUiFieldFocusHelpBackground":"#ffffff","sapUiFieldReadOnlyBackground":"rgba(242, 242, 242, 0.5)","sapUiFieldReadOnlyBorderColor":"#cccccc","sapUiFieldReadOnlyHelpBackground":"rgba(242, 242, 242, 0.5)","sapUiFieldDisabledBackground":"#959595","sapUiFieldDisabledBorderColor":"#4f4f4f","sapUiFieldDisabledTextColor":"rgba(51, 51, 51, 0.5)","sapUiFieldDisabledHelpBackground":"#959595","sapUiFieldRequiredColor":"#c14646","sapUiFieldInvalidColor":"#ee0000","sapUiFieldInvalidBackground":"#ffffff","sapUiFieldWarningColor":"#f9a429","sapUiFieldWarningBackground":"#ffffff","sapUiFieldSuccessColor":"#38a338","sapUiFieldSuccessBackground":"#ffffff","sapUiGroupTitleBackground":"transparent","sapUiGroupTitleBorderColor":"#cccccc","sapUiGroupTitleTextColor":"#333333","sapUiGroupContentBackground":"#ffffff","sapUiGroupContentBorderColor":"#ebebeb","sapUiGroupFooterBackground":"transparent","sapUiToolbarBackground":"transparent","sapUiToolbarSeparatorColor":"rgba(63, 81, 97, 0.2)","sapUiListHeaderBackground":"#f7f7f7","sapUiListHeaderBorderColor":"#e5e5e5","sapUiListHeaderTextColor":"#333333","sapUiListBorderColor":"#e5e5e5","sapUiListHighlightColor":"#427cac","sapUiListSelectionBackgroundColor":"#e8eff6","sapUiListBackground":"#ffffff","sapUiListHoverBackground":"#f0f0f0","sapUiScrollBarFaceColor":"#b2b2b2","sapUiScrollBarTrackColor":"#ffffff","sapUiScrollBarBorderColor":"#b2b2b2","sapUiScrollBarSymbolColor":"#346187","sapUiScrollBarHoverFaceColor":"#ababab","sapUiPageHeaderBackground":"#eff4f9","sapUiPageHeaderBorderColor":"#d1e0ee","sapUiPageHeaderTextColor":"#666666","sapUiPageFooterBackground":"#ffffff","sapUiPageFooterTextColor":"#333333","sapUiInfobarBackground":"#168282","sapUiObjectHeaderBackground":"#eff4f9","sapUiBlockLayerBackground":"#000000","sapUiTileBackground":"#ffffff","sapUiTileBorderColor":"transparent","sapUiTileTitleTextColor":"#333333","sapUiTileTextColor":"#666666","sapUiTileIconColor":"#93b7d6","sapUiChart1":"#5cbae6","sapUiChart2":"#b6d957","sapUiChart3":"#fac364","sapUiChart4":"#8cd3ff","sapUiChart5":"#d998cb","sapUiChart6":"#f2d249","sapUiChart7":"#93b9c6","sapUiChart8":"#ccc5a8","sapUiChart9":"#52bacc","sapUiChart10":"#dbdb46","sapUiChart11":"#98aafb","sapUiChartBad":"#dc0d0e","sapUiChartCritical":"#de890d","sapUiChartGood":"#3fa45b","sapUiChartNeutral":"#848f94","sapUiChartSequence1":"#27a3dd","sapUiChartSequence2":"#9dc62d","sapUiChartSequence3":"#f8ac29","sapUiChartSequenceNeutral":"#848f94","sapUiAccent1":"#e09d00","sapUiAccent2":"#e6600d","sapUiAccent3":"#c14646","sapUiAccent4":"#ab218e","sapUiAccent5":"#678bc7","sapUiAccent6":"#0092d1","sapUiAccent7":"#1a9898","sapUiAccent8":"#759421","sapUiErrorBG":"#ffe4e4","sapUiWarningBG":"#fef0db","sapUiSuccessBG":"#e4f6e4","sapUiNeutralBG":"#f4f5f6","sapUiErrorBorder":"#ee0000","sapUiWarningBorder":"#f9a429","sapUiSuccessBorder":"#38a338","sapUiNeutralBorder":"#5e696e","sapUiNegativeElement":"#bb0000","sapUiCriticalElement":"#e78c07","sapUiPositiveElement":"#2b7d2b","sapUiNeutralElement":"#5e696e","sapUiNegativeText":"#bb0000","sapUiCriticalText":"#e78c07","sapUiPositiveText":"#2b7d2b","sapUiNeutralText":"#5e696e","sapUiNegative":"#bb0000","sapUiCritical":"#e78c07","sapUiPositive":"#2b7d2b","sapUiNeutral":"#5e696e","sapUiErrorColor":"#ee0000","sapUiWarningColor":"#f9a429","sapUiSuccessColor":"#38a338","sapUiFontFamily":"Arial, Helvetica, sans-serif","sapUiFontSize":"16px","sapUiFontCondensedFamily":"'Arial Narrow', HelveticaNeue-CondensedBold, Arial, sans-serif","sapUiFontHeaderFamily":"Arial, Helvetica, sans-serif","sapUiFontHeaderWeight":"normal","sapMFontHeader1Size":"1.625rem","sapMFontHeader2Size":"1.375rem","sapMFontHeader3Size":"1.25rem","sapMFontHeader4Size":"1.125rem","sapMFontHeader5Size":"1rem","sapMFontHeader6Size":"0.875rem","sapMFontSmallSize":"0.75rem","sapMFontMediumSize":"0.875rem","sapMFontLargeSize":"1rem","sapUiTranslucentBGOpacity":"0","sapMPlatformDependent":"false","sapUiDesktopFontFamily":"Arial, Helvetica, sans-serif","sapUiDesktopFontSize":"12px","sapUiFontLargeSize":"13px","sapUiFontSmallSize":"11px","sapUiFontHeader1Size":"26px","sapUiFontHeader2Size":"20px","sapUiFontHeader3Size":"18px","sapUiFontHeader4Size":"16px","sapUiFontHeader5Size":"14px","sapUiFontHeader6Size":"13px","sapUiLineHeight":"18px","sapUiChartLabelHoverColor":"#ebebeb","sapUiChartLabelPressedColor":"#cccccc","sapUiChartCategoryAxisLabelFontColor":"#333333","sapUiChartValueAxisLabelFontColor":"#707070","sapUiChartCategoryAxisLabelFontSize":"0.75rem","sapUiChartValueAxisLabelFontSize":"0.75rem","sapUiChartCategoryAxisLineColor":"#cccccc","sapUiChartValueAxisLineColor":"#cccccc","sapUiChartCategoryAxisTickColor":"#cccccc","sapUiChartValueAxisTickColor":"#cccccc","sapUiChartBackgroundColor":"transparent","sapUiChartLabelFontWeight":"normal","sapUiChartLegendLabelFontColor":"#333333","sapUiChartLegendTitleFontColor":"#333333","sapUiChartLegendTitleFontSize":"0.875rem","sapUiChartLegendLabelFontSize":"0.75rem","sapUiChartPaletteUndefinedColor":"#000000","sapUiChartGridlineColor":"#e5e5e5","sapUiChartReferenceLineColor":"#333333","sapUiChartDataLabelFontColor":"#000000","sapUiChartReferenceLineLabelColor":"#000000","sapUiChartDataLabelFontSize":"0.75rem","sapUiChartPopoverDataItemFontColor":"#000000","sapUiChartPopoverGroupFontColor":"#333333","sapUiChartPopoverDataItemFontSize":"0.875rem","sapUiChartPopoverGroupFontSize":"0.875rem","sapUiChartPopoverGroupFontWeight":"bold","sapUiChartScrollBarThumbColor":"#b2b2b2","sapUiChartScrollBarTrackColor":"#ffffff","sapUiChartScrollBarThumbHoverColor":"#ababab","sapUiChartMainTitleFontColor":"#333333","sapUiChartAxisTitleFontColor":"#333333","sapUiChartMainTitleFontSize":"1rem","sapUiChartAxisTitleFontSize":"0.875rem","sapUiChartTitleFontWeight":"bold","sapUiChartLightText":"#707070","sapUiChartZeroAxisColor":"#666666","sapUiChartDataPointBorderColor":"#ffffff","sapUiChartDataPointBorderHoverSelectedColor":"#666666","sapUiChartDataPointNotSelectedBackgroundOpacity":"0.6","sapUiChartValueAxisLineOpacity":"0","sapUiChartCategoryAxisLabelFontHoverColor":"#333333","sapUiChartCategoryAxisLabelFontPressedColor":"#333333","sapUiChartTargetColor":"#333333","sapUiChartTargetShadowColor":"#ffffff","sapUiChartBubbleBGOpacity":"0.8","sapUiChartScrollbarBorderColor":"#f2f2f2","sapUiChartScrollbarBorderSize":"0","sapUiChartScrollbarThumbPadding":"0","sapUiChartNegativeLargeText":"#dc0d0e","sapUiChartCriticalLargeText":"#de890d","sapUiChartPositiveLargeText":"#3fa45b","sapUiChartNeutralLargeText":"#69767c","sapUiChartDataPointBG":"#d5dadc","sapUiChartDataPointBGBorderColor":"#d5dadc","sapUiChartDataLineColorWithBG":"#333333","sapUiChartDataLineColor":"#333333","sapUiChartRadialRemainingCircle":"#e3e6e7","sapUiChartRadialRemainingCircleBorderColor":"#e3e6e7","sapUiChartRadialBG":"#ffffff","sapUiChartPaletteQualitativeHue1":"#5cbae6","sapUiChartPaletteQualitativeHue2":"#b6d957","sapUiChartPaletteQualitativeHue3":"#fac364","sapUiChartPaletteQualitativeHue4":"#8cd3ff","sapUiChartPaletteQualitativeHue5":"#d998cb","sapUiChartPaletteQualitativeHue6":"#f2d249","sapUiChartPaletteQualitativeHue7":"#93b9c6","sapUiChartPaletteQualitativeHue8":"#ccc5a8","sapUiChartPaletteQualitativeHue9":"#52bacc","sapUiChartPaletteQualitativeHue10":"#dbdb46","sapUiChartPaletteQualitativeHue11":"#98aafb","sapUiChartPaletteSemanticBadLight3":"#f99494","sapUiChartPaletteSemanticBadLight2":"#f66364","sapUiChartPaletteSemanticBadLight1":"#f33334","sapUiChartPaletteSemanticBad":"#dc0d0e","sapUiChartPaletteSemanticBadDark1":"#b90c0d","sapUiChartPaletteSemanticBadDark2":"#930a0a","sapUiChartPaletteSemanticCriticalLight3":"#f8cc8c","sapUiChartPaletteSemanticCriticalLight2":"#f5b04d","sapUiChartPaletteSemanticCriticalLight1":"#f29b1d","sapUiChartPaletteSemanticCritical":"#de890d","sapUiChartPaletteSemanticCriticalDark1":"#c67a0c","sapUiChartPaletteSemanticCriticalDark2":"#a4650a","sapUiChartPaletteSemanticGoodLight3":"#a1dbb1","sapUiChartPaletteSemanticGoodLight2":"#71c989","sapUiChartPaletteSemanticGoodLight1":"#4cba6b","sapUiChartPaletteSemanticGood":"#3fa45b","sapUiChartPaletteSemanticGoodDark1":"#358a4d","sapUiChartPaletteSemanticGoodDark2":"#2a6d3c","sapUiChartPaletteSemanticNeutralLight3":"#d5dadc","sapUiChartPaletteSemanticNeutralLight2":"#bac1c4","sapUiChartPaletteSemanticNeutralLight1":"#9ea8ad","sapUiChartPaletteSemanticNeutral":"#848f94","sapUiChartPaletteSemanticNeutralDark1":"#69767c","sapUiChartPaletteSemanticNeutralDark2":"#596468","sapUiChartPaletteSequentialHue1Light3":"#abdbf2","sapUiChartPaletteSequentialHue1Light2":"#84caec","sapUiChartPaletteSequentialHue1Light1":"#5cbae5","sapUiChartPaletteSequentialHue1":"#27a3dd","sapUiChartPaletteSequentialHue1Dark1":"#1b7eac","sapUiChartPaletteSequentialHue1Dark2":"#156489","sapUiChartPaletteSequentialHue2Light3":"#d7eaa2","sapUiChartPaletteSequentialHue2Light2":"#c6e17d","sapUiChartPaletteSequentialHue2Light1":"#b6d957","sapUiChartPaletteSequentialHue2":"#9dc62d","sapUiChartPaletteSequentialHue2Dark1":"#759422","sapUiChartPaletteSequentialHue2Dark2":"#5b731a","sapUiChartPaletteSequentialHue3Light3":"#fde5bd","sapUiChartPaletteSequentialHue3Light2":"#fbd491","sapUiChartPaletteSequentialHue3Light1":"#fac364","sapUiChartPaletteSequentialHue3":"#f8ac29","sapUiChartPaletteSequentialHue3Dark1":"#dd8e07","sapUiChartPaletteSequentialHue3Dark2":"#b57506","sapUiChartPaletteSequentialNeutralLight3":"#d5dadc","sapUiChartPaletteSequentialNeutralLight2":"#bac1c4","sapUiChartPaletteSequentialNeutralLight1":"#9ea8ad","sapUiChartPaletteSequentialNeutral":"#848f94","sapUiChartPaletteSequentialNeutralDark1":"#69767c","sapUiChartPaletteSequentialNeutralDark2":"#596468","sapUiChoroplethBG":"#f7f7f8","sapUiChoroplethRegionBorder":"#ffffff","sapUiChoroplethRegionBG":"#bac1c4","sapUiMapLegendBG":"#ffffff","sapUiMapLegendBorderColor":"#cccccc","sapUiShellHoverBackground":"#346187","sapUiShellActiveBackground":"#2a4f6d","sapUiShellActiveTextColor":"#ffffff","sapUiShellHoverToggleBackground":"#152736","sapUiShellContainerBackground":"#ffffff","sapUiShellAltContainerBackground":"#5e91c3","sapUiUx3ShellHeaderColor":"transparent","sapUiUx3ShellBackgroundColor":"#eff4f9","sapUiUx3ShellHoverColor":"#787878","sapUiUx3ShellGradientBottom":"rgba(44, 44, 44, 0)","sapUiUx3ShellGradientTop":"rgba(66, 108, 172, 0.03)","sapUiUx3ShellToolPaletteIconFontColor":"#889eb1","sapUiUx3ExactLstExpandOffset":"-1 -2","sapUiUx3ExactLstRootExpandOffset":"0 3","sapUiUx3ExactLstContentTop":"25px","sapUiLinkActive":"#0070b1","sapUiLinkVisited":"#0070b1","sapUiLinkHover":"#0070b1","sapUiLinkInverted":"#7ed0ff","sapUiNotificationBarBG":"rgba(51, 51, 51, 0.98)","sapUiNotifierSeparator":"#000000","sapUiNotifierSeparatorWidth":"1px","sapUiNotificationBarBorder":"#666666","sapUiUx3ToolPopupInverted":"false","sapUiUx3ToolPopupArrowRightMarginCorrection":"-1px","sapUiUx3ToolPopupShadow":"0px 6px 12px 0px rgba(0, 0, 0, 0.3)","sapUiCalloutShadow":"0px 6px 12px 0px rgba(0, 0, 0, 0.3)","sapUiButtonIconColor":"#346187","sapUiButtonActiveBackground":"#427cac","sapUiButtonActiveBorderColor":"#427cac","sapUiButtonActiveTextColor":"#ffffff","sapUiButtonEmphasizedHoverBackground":"#418ac7","sapUiButtonEmphasizedHoverBorderColor":"#418ac7","sapUiButtonEmphasizedActiveBackground":"#427cac","sapUiButtonEmphasizedActiveBorderColor":"#427cac","sapUiButtonEmphasizedTextShadow":"#000000","sapUiButtonAcceptBorderColor":"#2b7d2b","sapUiButtonAcceptHoverBackground":"#ebebeb","sapUiButtonAcceptHoverBorderColor":"#2b7d2b","sapUiButtonAcceptActiveBackground":"#2b7d2b","sapUiButtonAcceptActiveBorderColor":"#2b7d2b","sapUiButtonAcceptTextColor":"#2b7d2b","sapUiButtonRejectBorderColor":"#bb0000","sapUiButtonRejectHoverBackground":"#ebebeb","sapUiButtonRejectHoverBorderColor":"#bb0000","sapUiButtonRejectActiveBackground":"#bb0000","sapUiButtonRejectActiveBorderColor":"#bb0000","sapUiButtonRejectTextColor":"#bb0000","sapUiButtonLiteBackground":"transparent","sapUiButtonLiteBorderColor":"transparent","sapUiButtonLiteTextColor":"#346187","sapUiButtonLiteHoverBackground":"rgba(179, 179, 179, 0.5)","sapUiButtonLiteHoverBorderColor":"rgba(179, 179, 179, 0.5)","sapUiButtonLiteActiveBackground":"#427cac","sapUiButtonLiteActiveBorderColor":"#427cac","sapUiButtonHeaderTextColor":"#346187","sapUiButtonHeaderDisabledTextColor":"#346187","sapUiButtonFooterTextColor":"#346187","sapUiButtonFooterHoverBackground":"rgba(179, 179, 179, 0.5)","sapUiButtonActionSelectBackground":"#ffffff","sapUiButtonActionSelectBorderColor":"#e5e5e5","sapUiButtonLiteActionSelectHoverBackground":"#f0f0f0","sapUiToggleButtonPressedBackground":"#346187","sapUiToggleButtonPressedBorderColor":"#2d5475","sapUiToggleButtonPressedTextColor":"#ffffff","sapUiToggleButtonPressedHoverBackground":"#427cac","sapUiToggleButtonPressedHoverBorderColor":"#427cac","sapUiSegmentedButtonBackground":"#ffffff","sapUiSegmentedButtonBorderColor":"#bfbfbf","sapUiSegmentedButtonTextColor":"#346187","sapUiSegmentedButtonHoverBackground":"#ebebeb","sapUiSegmentedButtonActiveBackground":"#427cac","sapUiSegmentedButtonActiveTextColor":"#ffffff","sapUiSegmentedButtonSelectedBackground":"#346187","sapUiSegmentedButtonSelectedTextColor":"#ffffff","sapUiSegmentedButtonSelectedHoverBackground":"#427cac","sapUiSegmentedButtonSelectedHoverBorderColor":"#427cac","sapUiSegmentedButtonIconColor":"#346187","sapUiSegmentedButtonActiveIconColor":"#ffffff","sapUiSegmentedButtonSelectedIconColor":"#ffffff","sapUiSegmentedButtonFooterBorderColor":"#bfbfbf","sapUiSegmentedButtonFooterHoverBackground":"#ebebeb","sapUiFieldActiveBackground":"#427cac","sapUiFieldActiveBorderColor":"#427cac","sapUiFieldActiveTextColor":"#ffffff","sapUiFieldPlaceholderTextColor":"#757575","sapUiListTextColor":"#333333","sapUiListVerticalBorderColor":"#dddddd","sapUiListActiveBackground":"#427cac","sapUiListActiveTextColor":"#ffffff","sapUiListSelectionHoverBackground":"#dde8f1","sapUiListFooterBackground":"#ceddec","sapUiListFooterTextColor":"#333333","sapUiListGroupHeaderBackground":"#ffffff","sapUiListTableGroupHeaderBackground":"#f2f2f2","sapUiListTableGroupHeaderBorderColor":"#cccccc","sapUiListTableGroupHeaderTextColor":"#147575","sapUiListTableFooterBorder":"#cccccc","sapUiListTableFixedBorder":"#999999","sapUiListTableTextSize":"0.875rem","sapUiListTableIconSize":"1rem","sapUiPageFooterBorderColor":"#ebebeb","sapUiInfobarHoverBackground":"#147575","sapUiInfobarActiveBackground":"#427cac","sapUiObjectHeaderBorderColor":"#d1e0ee","sapUiCalendarColorToday":"#ab218e","sapUiDragAndDropColor":"#878787","sapUiDragAndDropBackground":"#ffffff","sapUiDragAndDropBorderColor":"#bfbfbf","sapUiDragAndDropActiveColor":"#0070b1","sapUiDragAndDropActiveBackground":"rgba(0, 112, 177, 0.05)","sapUiDragAndDropActiveBorderColor":"#0070b1","sapUiShadowLevel0":"0 0 0 1px rgba(0, 0, 0, 0.15)","sapUiShadowLevel1":"0 0.125rem 0.5rem 0 rgba(0, 0, 0, 0.15), 0 0 0 1px rgba(0, 0, 0, 0.15)","sapUiShadowLevel2":"0 0.625rem 1.875rem 0 rgba(0, 0, 0, 0.15), 0 0 0 1px rgba(0, 0, 0, 0.15)","sapUiShadowLevel3":"0 1.25rem 5rem 0 rgba(0, 0, 0, 0.15), 0 0 0 1px rgba(0, 0, 0, 0.15)","sapUiShadowText":"0 0 0.125rem #ffffff","sapUiShadowHeader":"0 0.125rem 0 0 #eff4f9, inset 0 -0.125rem 0 0 #d1e0ee","sapUiUx3ShellHeaderImageURL":"","sapUiUx3ShellApplicationImageURL":"none","sapUiPurple":"#800080","sapUiOrange":"#ffa500","sapUiGreen":"#008000","sapUiBlue":"#0000ff","sapUiRed":"#ff0000","sapUiYellow":"#ffff00","sapUiBase":"#000000","sapUiBaseBorder":"#000000","sapUiBaseLine":"#000000","sapUiWhite":"#ffffff","sapUiWhiteBG":"#ffffff","sapUiExtraLightBG":"#fafafa","sapUiLightBG":"#d3d3d3","sapUiMediumBG":"#808080","sapUiDarkBG":"#a9a9a9","sapUiDeepBG":"#000000","sapUiBlackBG":"#000000","sapUiHoverBG":"#808080","sapUiMediumAltBG":"#808080","sapUiDarkAltBG":"#a9a9a9","sapUiButtonStandardBG":"#fafafa","sapUiButtonEmphasizedBG":"#ffff00","sapUiButtonNegativeBG":"#ff0000","sapUiButtonPositiveBG":"#008000","sapUiReadOnlyBG":"#808080","sapUiExtraLightText":"#d3d3d3","sapUiLightText":"#d3d3d3","sapUiMediumText":"#808080","sapUiDarkText":"#a9a9a9","sapUiDeepText":"#000000","sapUiText":"#333333","sapUiTextInverted":"#ffffff","sapUiWhiteBorder":"#ffffff","sapUiExtraLightBorder":"#d3d3d3","sapUiLightBorder":"#808080","sapUiMediumBorder":"#000000","sapUiDarkBorder":"#000000","sapUiBlackBorder":"#000000","sapUiElement":"#d3d3d3","sapUiInvertedElement":"#ffffff","sapUiLightLine":"#d3d3d3","sapUiMediumLine":"#808080","sapUiEmphasizedLine":"#427cac","sapUiDarkLine":"#a9a9a9","sapUiLightShadowTint":"#ffffff","sapUiDarkShadowTint":"#000000","sapUiFocus":"#000000","sapUiInvertedFocus":"#ffffff","sapUiTableRowBG":"#ffffff","sapUiTableRowAlternatingBG":"#ffffff","sapUiTableRowSelectionBG":"#427cac","sapUiTableRowSelectionReadOnlyBG":"#427cac","sapUiTableRowHoverBG":"#808080","sapUiListBG":"#f7f7f7","sapUiTextColor":"#008000","sapUiTextTitleColor":"#008000","sapUiTextSelectionColor":"#008000","sapUiTextDisabled":"#cccccc","sapUiTextSelection":"#ffffff","sapUiTextfieldBackground":"#ffffff","sapUiFontMonospaceFamily":"Lucida Console","sapUiUx3ShellSideBarBaseWidth":"40px","sapUiUx3ShellPaneOverflowButtonHeight":"120px","sapUiUx3ExactLstCollapseWidth":"24px","sapUiUx3ExactLstHeaderHeight":"25px","sapUiNotificationBarBG_IE":"#808080","sapUiNotifierHoverColor":"#427cac","sapUiNotificationText":"#ffffff","sapUiNotificationTimestamp":"#ababab","sapUiNotificationBarCalloutBorder":"rgba(128, 128, 128, 0)","sapUiNotificationBarCalloutBorder_IE":"#808080","sapUiNotificationBarCalloutArr":"rgba(51, 51, 51, 0.98)","sapUiNotificationBarHeight":"40px","sapUiNotificationBarHeightMinimized":"0px","sapUiNotificationBarHeightMaximized":"40%","sapUiNotifierWidth":"40px","sapUiRIIconPaddingXS":"1px","sapUiRIIconPaddingS":"0.125rem","sapUiRIIconPaddingM":"0.1875rem","sapUiRIIconPaddingL":"0.25rem","sapUiRIIconPaddingCozy":"0.1875rem","sapUiRIIconPaddingCompact":"0.125rem","sapUiRIIconPaddingCondensed":"0.125rem","sapUiRIIconPaddingDisplayOnly":"0.125rem","sapUiRIIconSizeCozy":"1.375rem","sapUiRIIconSizeCompact":"1rem","sapUiRIIconSizeCondensed":"1rem","sapUiRIIconSizeDisplayOnly":"1rem","sapUiUx3ToolPopupArrowWidth":"13px","sapUiUx3ToolPopupArrowHeight":"24px","sapUiUx3ToolPopupArrowRightMarginCorrectionInverted":"-7px","sapUiUx3TPPaddingBottom":"50px","sapUiButtonEmphasizedDisabledBorderColor":"#418ac7","sapUiButtonEmphasizedDisabledBackground":"#5496cd","sapUiButtonAcceptDisabledBorderColor":"#2b7d2b","sapUiButtonAcceptDisabledBackground":"#f7f7f7","sapUiButtonRejectDisabledBorderColor":"#bb0000","sapUiButtonRejectDisabledBackground":"#f7f7f7","sapUiToggleButtonPressedDisabledBackground":"#346187","sapUiToggleButtonPressedDisabledBorderColor":"#2d5475","sapUiToggleButtonPressedDisabledTextColor":"#ccd8e1","sapUiPositiveBG":"#2b7d2b","sapUiShadowTint":"#000000","sapUiShadow":"5px 5px 10px rgba(0, 0, 0, 0.5)","sapUiThemeDesignerCustomCss":"false","sapUiMarginTiny":"0.5rem","sapUiMarginSmall":"1rem","sapUiMarginMedium":"2rem","sapUiMarginLarge":"3rem","sapUiEscapedEmptyString":"","sapUiLightBoxMagnifyingGlassBorder":"none","sapUiLightBoxMagnifyingGlassBackgroundColor":"#0070b1","sapBackgroundColorDefault":"#fafafa","sapPrimary1":"#3f5161","sapPrimary2":"#427cac","sapPrimary3":"#eff4f9","sapPrimary4":"#ffffff","sapPrimary5":"#fafafa","sapPrimary6":"#bfbfbf","sapPrimary7":"#333333","sapAccentColor1":"#e09d00","sapAccentColor2":"#e6600d","sapAccentColor3":"#c14646","sapAccentColor4":"#ab218e","sapAccentColor5":"#678bc7","sapAccentColor6":"#0092d1","sapAccentColor7":"#1a9898","sapAccentColor8":"#759421","sapErrorBackground":"#ffe4e4","sapWarningBackground":"#fef0db","sapSuccessBackground":"#e4f6e4","sapNeutralBackground":"#f4f5f6","sapErrorBorderColor":"#ee0000","sapWarningBorderColor":"#f9a429","sapSuccessBorderColor":"#38a338","sapNegativeTextColor":"#bb0000","sapCriticalTextColor":"#e78c07","sapPositiveTextColor":"#2b7d2b","sapNeutralTextColor":"#5e696e","sapErrorColor":"#ee0000","sapWarningColor":"#f9a429","sapSuccessColor":"#38a338","sapShell_BackgroundPatternColor":"rgba(255, 255, 255, 0.08)","sapUiShellBackgroundPatternColor":"rgba(255, 255, 255, 0.08)","sapUiPrimary1":"#3f5161","sapUiPrimary2":"#427cac","sapUiPrimary3":"#eff4f9","sapUiPrimary4":"#ffffff","sapUiPrimary5":"#fafafa","sapUiPrimary6":"#bfbfbf","sapUiPrimary7":"#333333"},"scopes":{"sapContrastPlus":{"sapHighlightColor":"#91c8f6","sapBaseColor":"#3f5161","sapBackgroundColor":"#3f5161","sapTextColor":"#fafafa","sapLinkColor":"#7ed0ff","sapSelectedColor":"#91c8f6","sapActiveColor":"#91c8f6","sapHighlightTextColor":"#2f3c48","sapTitleColor":"#fafafa","sapNegativeColor":"#ff8888","sapCriticalColor":"#fabd64","sapPositiveColor":"#abe2ab","sapNeutralColor":"#d3d7d9","sapNegativeElementColor":"#ff8888","sapCriticalElementColor":"#fabd64","sapPositiveElementColor":"#abe2ab","sapNeutralElementColor":"#d3d7d9","sapContent_IconColor":"#cae4fb","sapContent_ContrastIconColor":"#2f3c48","sapContent_NonInteractiveIconColor":"#97aabb","sapContent_MarkerIconColor":"#8ca7d5","sapContent_FocusColor":"#ffffff","sapContent_ContrastFocusColor":"#000000","sapContent_SearchHighlightColor":"#058088","sapContent_LabelColor":"#dddddd","sapContent_DisabledTextColor":"rgba(250, 250, 250, 0.5)","sapContent_ContrastTextThreshold":"0.35","sapContent_ContrastTextColor":"#2f3c48","sapContent_ForegroundColor":"#4d6377","sapContent_ForegroundBorderColor":"#889eb1","sapContent_ForegroundTextColor":"#fafafa","sapShell_Background":"#6586a3","sapShell_BackgroundImage":"linear-gradient(to bottom, #2a4863, #9dc0de)","sapShell_BackgroundGradient":"linear-gradient(to bottom, #2a4863, #9dc0de)","sapShell_TextColor":"#ffffff","sapButton_Background":"#435667","sapButton_BorderColor":"#a0b2c1","sapButton_TextColor":"#cae4fb","sapButton_Disabled_TextColor":"#2f3c48","sapButton_Hover_Background":"#4f667a","sapButton_Hover_BorderColor":"#a0b2c1","sapButton_Hover_TextColor":"#2f3c48","sapButton_Reject_Background":"#435667","sapButton_Accept_Background":"#435667","sapField_Background":"#495e70","sapField_BorderColor":"#7891a7","sapField_TextColor":"#ffffff","sapField_HelpBackground":"#495e70","sapField_Hover_Background":"#495e70","sapField_Hover_BorderColor":"#91c8f6","sapField_Hover_HelpBackground":"#91c8f6","sapField_Focus_Background":"#495e70","sapField_Focus_BorderColor":"#7891a7","sapField_Focus_HelpBackground":"#495e70","sapField_Disabled_TextColor":"rgba(250, 250, 250, 0.5)","sapField_ReadOnly_Background":"transparent","sapField_ReadOnly_BorderColor":"#7891a7","sapField_ReadOnly_HelpBackground":"transparent","sapField_RequiredColor":"#d88b8b","sapField_InvalidColor":"#ff8888","sapField_InvalidBackground":"#495e70","sapField_WarningColor":"#fabd64","sapField_WarningBackground":"#495e70","sapField_SuccessColor":"#abe2ab","sapField_SuccessBackground":"#495e70","sapGroup_TitleBorderColor":"#69859d","sapGroup_TitleTextColor":"#fafafa","sapGroup_ContentBackground":"#3f5161","sapGroup_ContentBorderColor":"#4f667a","sapToolbar_SeparatorColor":"rgba(239, 244, 249, 0.2)","sapList_HeaderBackground":"#3c4d5c","sapList_HeaderBorderColor":"#4d6377","sapList_HeaderTextColor":"#fafafa","sapList_BorderColor":"#4d6377","sapList_SelectionBackgroundColor":"#496b8a","sapList_Background":"#3f5161","sapList_Hover_Background":"#45596a","sapScrollBar_FaceColor":"#0099db","sapScrollBar_TrackColor":"#3f5161","sapScrollBar_BorderColor":"#0099db","sapScrollBar_SymbolColor":"#cae4fb","sapScrollBar_Hover_FaceColor":"#00a4eb","sapPageHeader_Background":"#3f5161","sapPageHeader_BorderColor":"#4f667a","sapPageHeader_TextColor":"#fafafa","sapPageFooter_Background":"#2f3c48","sapPageFooter_TextColor":"#fafafa","sapObjectHeader_Background":"#3f5161","sapTile_Background":"#3f5161","sapTile_TitleTextColor":"#fafafa","sapTile_TextColor":"#dddddd","sapTile_IconColor":"#83c1f5","sapChart_Bad":"#f55556","sapChart_Critical":"#f4ac44","sapChart_Good":"#69c683","sapChart_Neutral":"#9ea8ad","sapChart_Sequence_1":"#5cbae5","sapChart_Sequence_2":"#b6d957","sapChart_Sequence_3":"#fac364","sapChart_Sequence_Neutral":"#9ea8ad","sapUiHighlight":"#91c8f6","sapUiBaseColor":"#3f5161","sapUiBaseBG":"#3f5161","sapUiGlobalBackgroundColor":"#3f5161","sapUiBaseText":"#fafafa","sapUiLink":"#7ed0ff","sapUiSelected":"#91c8f6","sapUiActive":"#91c8f6","sapUiHighlightTextColor":"#2f3c48","sapUiTextTitle":"#fafafa","sapUiContentIconColor":"#cae4fb","sapUiContentContrastIconColor":"#2f3c48","sapUiContentNonInteractiveIconColor":"#97aabb","sapUiContentMarkerIconColor":"#8ca7d5","sapUiContentMarkerTextColor":"#b7cfe4","sapUiContentImagePlaceholderBackground":"#69859d","sapUiContentImagePlaceholderForegroundColor":"#495e70","sapUiContentFocusColor":"#ffffff","sapUiContentContrastFocusColor":"#000000","sapUiContentSearchHighlightColor":"#058088","sapUiContentLabelColor":"#dddddd","sapUiContentDisabledTextColor":"rgba(250, 250, 250, 0.5)","sapUiContentContrastTextThreshold":"0.35","sapUiContentContrastTextColor":"#2f3c48","sapUiContentForegroundColor":"#4d6377","sapUiContentForegroundBorderColor":"#889eb1","sapUiContentForegroundTextColor":"#fafafa","sapUiShellBackground":"#6586a3","sapUiShellBackgroundImage":"linear-gradient(to bottom, #2a4863, #9dc0de)","sapUiShellBackgroundGradient":"linear-gradient(to bottom, #2a4863, #9dc0de)","sapUiShellTextColor":"#ffffff","sapUiButtonBackground":"#435667","sapUiButtonBorderColor":"#a0b2c1","sapUiButtonTextColor":"#cae4fb","sapUiButtonDisabledTextColor":"#2f3c48","sapUiButtonHoverBackground":"#4f667a","sapUiButtonHoverBorderColor":"#a0b2c1","sapUiButtonHoverTextColor":"#2f3c48","sapUiButtonRejectBackground":"#435667","sapUiButtonAcceptBackground":"#435667","sapUiFieldBackground":"#495e70","sapUiFieldBorderColor":"#7891a7","sapUiFieldTextColor":"#ffffff","sapUiFieldHelpBackground":"#495e70","sapUiFieldHoverBackground":"#495e70","sapUiFieldHoverBorderColor":"#91c8f6","sapUiFieldHoverHelpBackground":"#91c8f6","sapUiFieldFocusBackground":"#495e70","sapUiFieldFocusBorderColor":"#7891a7","sapUiFieldFocusHelpBackground":"#495e70","sapUiFieldReadOnlyBackground":"transparent","sapUiFieldReadOnlyBorderColor":"#7891a7","sapUiFieldReadOnlyHelpBackground":"transparent","sapUiFieldDisabledTextColor":"rgba(250, 250, 250, 0.5)","sapUiFieldRequiredColor":"#d88b8b","sapUiFieldInvalidColor":"#ff8888","sapUiFieldInvalidBackground":"#495e70","sapUiFieldWarningColor":"#fabd64","sapUiFieldWarningBackground":"#495e70","sapUiFieldSuccessColor":"#abe2ab","sapUiFieldSuccessBackground":"#495e70","sapUiGroupTitleBorderColor":"#69859d","sapUiGroupTitleTextColor":"#fafafa","sapUiGroupContentBackground":"#3f5161","sapUiGroupContentBorderColor":"#4f667a","sapUiToolbarSeparatorColor":"rgba(239, 244, 249, 0.2)","sapUiListHeaderBackground":"#3c4d5c","sapUiListHeaderBorderColor":"#4d6377","sapUiListHeaderTextColor":"#fafafa","sapUiListBorderColor":"#4d6377","sapUiListSelectionBackgroundColor":"#496b8a","sapUiListBackground":"#3f5161","sapUiListHoverBackground":"#45596a","sapUiScrollBarFaceColor":"#0099db","sapUiScrollBarTrackColor":"#3f5161","sapUiScrollBarBorderColor":"#0099db","sapUiScrollBarSymbolColor":"#cae4fb","sapUiScrollBarHoverFaceColor":"#00a4eb","sapUiPageHeaderBackground":"#3f5161","sapUiPageHeaderBorderColor":"#4f667a","sapUiPageHeaderTextColor":"#fafafa","sapUiPageFooterBackground":"#2f3c48","sapUiPageFooterTextColor":"#fafafa","sapUiObjectHeaderBackground":"#3f5161","sapUiTileBackground":"#3f5161","sapUiTileTitleTextColor":"#fafafa","sapUiTileTextColor":"#dddddd","sapUiTileIconColor":"#83c1f5","sapUiChartBad":"#f55556","sapUiChartCritical":"#f4ac44","sapUiChartGood":"#69c683","sapUiChartNeutral":"#9ea8ad","sapUiChartSequence1":"#5cbae5","sapUiChartSequence2":"#b6d957","sapUiChartSequence3":"#fac364","sapUiChartSequenceNeutral":"#9ea8ad","sapUiErrorBG":"#550000","sapUiWarningBG":"#5c3803","sapUiSuccessBG":"#174417","sapUiNeutralBG":"#393e41","sapUiErrorBorder":"#ff8888","sapUiWarningBorder":"#fabd64","sapUiSuccessBorder":"#abe2ab","sapUiNeutralBorder":"#d3d7d9","sapUiNegativeElement":"#ff8888","sapUiCriticalElement":"#fabd64","sapUiPositiveElement":"#abe2ab","sapUiNeutralElement":"#d3d7d9","sapUiNegativeText":"#ff8888","sapUiCriticalText":"#fabd64","sapUiPositiveText":"#abe2ab","sapUiNeutralText":"#d3d7d9","sapUiNegative":"#ff8888","sapUiCritical":"#fabd64","sapUiPositive":"#abe2ab","sapUiNeutral":"#d3d7d9","sapUiErrorColor":"#ffbbbb","sapUiWarningColor":"#fcd295","sapUiSuccessColor":"#d1efd1","sapUiChartLabelHoverColor":"#4f667a","sapUiChartLabelPressedColor":"#427cac","sapUiChartCategoryAxisLabelFontColor":"#fafafa","sapUiChartValueAxisLabelFontColor":"#fafafa","sapUiChartLegendLabelFontColor":"#fafafa","sapUiChartLegendTitleFontColor":"#fafafa","sapUiChartPaletteUndefinedColor":"#fafafa","sapUiChartGridlineColor":"#999999","sapUiChartReferenceLineColor":"#ffffff","sapUiChartDataLabelFontColor":"#fafafa","sapUiChartReferenceLineLabelColor":"#fafafa","sapUiChartPopoverDataItemFontColor":"#fafafa","sapUiChartPopoverGroupFontColor":"#fafafa","sapUiChartScrollBarThumbColor":"#0099db","sapUiChartScrollBarTrackColor":"#3f5161","sapUiChartScrollBarThumbHoverColor":"#00a4eb","sapUiChartMainTitleFontColor":"#fafafa","sapUiChartAxisTitleFontColor":"#fafafa","sapUiChartLightText":"#fafafa","sapUiChartZeroAxisColor":"#ffffff","sapUiChartDataPointBorderColor":"#3f5161","sapUiChartDataPointBorderHoverSelectedColor":"#ffffff","sapUiChartDataPointNotSelectedBackgroundOpacity":"0.7","sapUiChartCategoryAxisLabelFontHoverColor":"#fafafa","sapUiChartCategoryAxisLabelFontPressedColor":"#fafafa","sapUiChartTargetColor":"#ffffff","sapUiChartTargetShadowColor":"#000000","sapUiChartBubbleBGOpacity":"0.9","sapUiChartScrollbarBorderColor":"#0099db","sapUiChartNegativeLargeText":"#f77c7c","sapUiChartCriticalLargeText":"#f7c174","sapUiChartPositiveLargeText":"#a0dbb1","sapUiChartNeutralLargeText":"#f1f2f3","sapUiChartDataPointBG":"#848f94","sapUiChartDataPointBGBorderColor":"#848f94","sapUiChartDataLineColor":"#ffffff","sapUiChartRadialRemainingCircle":"#848f94","sapUiChartRadialRemainingCircleBorderColor":"#848f94","sapUiChartRadialBG":"transparent","sapUiChartPaletteSemanticBadLight3":"#fbc4c4","sapUiChartPaletteSemanticBadLight2":"#f99d9e","sapUiChartPaletteSemanticBadLight1":"#f77c7c","sapUiChartPaletteSemanticBad":"#f55556","sapUiChartPaletteSemanticBadDark1":"#f33334","sapUiChartPaletteSemanticBadDark2":"#ef0e0f","sapUiChartPaletteSemanticCriticalLight3":"#fdecd5","sapUiChartPaletteSemanticCriticalLight2":"#fad7a4","sapUiChartPaletteSemanticCriticalLight1":"#f7c174","sapUiChartPaletteSemanticCritical":"#f4ac44","sapUiChartPaletteSemanticCriticalDark1":"#f19714","sapUiChartPaletteSemanticCriticalDark2":"#de890d","sapUiChartPaletteSemanticGoodLight3":"#d8f0df","sapUiChartPaletteSemanticGoodLight2":"#b3e2c0","sapUiChartPaletteSemanticGoodLight1":"#8ed4a2","sapUiChartPaletteSemanticGood":"#69c683","sapUiChartPaletteSemanticGoodDark1":"#45b765","sapUiChartPaletteSemanticGoodDark2":"#3fa45b","sapUiChartPaletteSemanticNeutralLight3":"#f1f2f3","sapUiChartPaletteSemanticNeutralLight2":"#d5dadc","sapUiChartPaletteSemanticNeutralLight1":"#bac1c4","sapUiChartPaletteSemanticNeutral":"#9ea8ad","sapUiChartPaletteSemanticNeutralDark1":"#848f94","sapUiChartPaletteSemanticNeutralDark2":"#69767c","sapUiChartPaletteSequentialHue1Light3":"#d7eef9","sapUiChartPaletteSequentialHue1Light2":"#abdcf2","sapUiChartPaletteSequentialHue1Light1":"#84cbeb","sapUiChartPaletteSequentialHue1":"#5cbae5","sapUiChartPaletteSequentialHue1Dark1":"#26a4de","sapUiChartPaletteSequentialHue1Dark2":"#1a7eac","sapUiChartPaletteSequentialHue2Light3":"#e9f3cb","sapUiChartPaletteSequentialHue2Light2":"#d7eaa2","sapUiChartPaletteSequentialHue2Light1":"#c6e17c","sapUiChartPaletteSequentialHue2":"#b6d957","sapUiChartPaletteSequentialHue2Dark1":"#9dc62d","sapUiChartPaletteSequentialHue2Dark2":"#759421","sapUiChartPaletteSequentialHue3Light3":"#fef9ee","sapUiChartPaletteSequentialHue3Light2":"#fde5bd","sapUiChartPaletteSequentialHue3Light1":"#fbd491","sapUiChartPaletteSequentialHue3":"#fac364","sapUiChartPaletteSequentialHue3Dark1":"#f8ac29","sapUiChartPaletteSequentialHue3Dark2":"#dc8e07","sapUiChartPaletteSequentialNeutralLight3":"#f1f2f3","sapUiChartPaletteSequentialNeutralLight2":"#d5dadc","sapUiChartPaletteSequentialNeutralLight1":"#b9c1c5","sapUiChartPaletteSequentialNeutral":"#9ea8ad","sapUiChartPaletteSequentialNeutralDark1":"#848f94","sapUiChartPaletteSequentialNeutralDark2":"#69767c","sapUiChoroplethBG":"#7a99a9","sapUiChoroplethRegionBG":"#d5dadc","sapUiMapLegendBG":"#3f5161","sapUiMapLegendBorderColor":"#ffffff","sapUiShellHoverBackground":"#eff4f9","sapUiShellActiveBackground":"#eff4f9","sapUiShellActiveTextColor":"#2e5778","sapUiShellHoverToggleBackground":"#ffffff","sapUiShellContainerBackground":"#c4d9eb","sapUiShellAltContainerBackground":"#1a2e40","sapUiUx3ShellGradientTop":"rgba(145, 185, 246, 0.03)","sapUiLinkActive":"#7ed0ff","sapUiLinkVisited":"#7ed0ff","sapUiLinkHover":"#7ed0ff","sapUiLinkInverted":"#ffffff","sapUiButtonIconColor":"#cae4fb","sapUiButtonActiveBackground":"#91c8f6","sapUiButtonActiveBorderColor":"#91c8f6","sapUiButtonActiveTextColor":"#2f3c48","sapUiButtonEmphasizedActiveBackground":"#91c8f6","sapUiButtonEmphasizedActiveBorderColor":"#91c8f6","sapUiButtonAcceptBorderColor":"#abe2ab","sapUiButtonAcceptHoverBackground":"#4f667a","sapUiButtonAcceptHoverBorderColor":"#abe2ab","sapUiButtonAcceptActiveBackground":"#abe2ab","sapUiButtonAcceptActiveBorderColor":"#abe2ab","sapUiButtonAcceptTextColor":"#abe2ab","sapUiButtonRejectBorderColor":"#ff8888","sapUiButtonRejectHoverBackground":"#4f667a","sapUiButtonRejectHoverBorderColor":"#ff8888","sapUiButtonRejectActiveBackground":"#ff8888","sapUiButtonRejectActiveBorderColor":"#ff8888","sapUiButtonRejectTextColor":"#ff8888","sapUiButtonLiteTextColor":"#cae4fb","sapUiButtonLiteHoverBackground":"rgba(99, 127, 153, 0.5)","sapUiButtonLiteHoverBorderColor":"rgba(99, 127, 153, 0.5)","sapUiButtonLiteActiveBackground":"#91c8f6","sapUiButtonLiteActiveBorderColor":"#91c8f6","sapUiButtonHeaderTextColor":"#cae4fb","sapUiButtonHeaderDisabledTextColor":"#cae4fb","sapUiButtonFooterTextColor":"#cae4fb","sapUiButtonFooterHoverBackground":"rgba(99, 127, 153, 0.5)","sapUiButtonActionSelectBackground":"#2f3c48","sapUiButtonActionSelectBorderColor":"#4d6377","sapUiButtonLiteActionSelectHoverBackground":"#354452","sapUiToggleButtonPressedBackground":"#62b1f2","sapUiToggleButtonPressedBorderColor":"#4ba5f0","sapUiToggleButtonPressedTextColor":"#2f3c48","sapUiToggleButtonPressedHoverBackground":"#91c8f6","sapUiToggleButtonPressedHoverBorderColor":"#91c8f6","sapUiSegmentedButtonBackground":"#435667","sapUiSegmentedButtonBorderColor":"#8199ad","sapUiSegmentedButtonTextColor":"#cae4fb","sapUiSegmentedButtonHoverBackground":"#4f667a","sapUiSegmentedButtonActiveBackground":"#91c8f6","sapUiSegmentedButtonActiveTextColor":"#2f3c48","sapUiSegmentedButtonSelectedBackground":"#62b1f2","sapUiSegmentedButtonSelectedTextColor":"#2f3c48","sapUiSegmentedButtonSelectedHoverBackground":"#91c8f6","sapUiSegmentedButtonSelectedHoverBorderColor":"#91c8f6","sapUiSegmentedButtonIconColor":"#cae4fb","sapUiSegmentedButtonActiveIconColor":"#2f3c48","sapUiSegmentedButtonSelectedIconColor":"#2f3c48","sapUiSegmentedButtonFooterBorderColor":"#a0b2c1","sapUiSegmentedButtonFooterHoverBackground":"#4f667a","sapUiFieldActiveBackground":"#91c8f6","sapUiFieldActiveBorderColor":"#91c8f6","sapUiFieldActiveTextColor":"#2f3c48","sapUiFieldPlaceholderTextColor":"#c3d7e8","sapUiListTextColor":"#fafafa","sapUiListVerticalBorderColor":"#536b80","sapUiListSelectionHoverBackground":"#4e7395","sapUiListFooterBackground":"#2f3c48","sapUiListFooterTextColor":"#fafafa","sapUiListGroupHeaderBackground":"#3f5161","sapUiListTableGroupHeaderBackground":"#3b4c5b","sapUiListTableGroupHeaderBorderColor":"#69859e","sapUiListTableGroupHeaderTextColor":"#b7cfe4","sapUiListTableFooterBorder":"#69859e","sapUiListTableFixedBorder":"#9dafbf","sapUiPageFooterBorderColor":"#475b6d","sapUiObjectHeaderBorderColor":"#4f667a","sapUiCalendarColorToday":"#e57acf","sapUiDragAndDropColor":"#97aabb","sapUiDragAndDropBackground":"#3f5161","sapUiDragAndDropBorderColor":"#889eb1","sapUiDragAndDropActiveColor":"#7ed0ff","sapUiDragAndDropActiveBackground":"rgba(126, 208, 255, 0.1)","sapUiDragAndDropActiveBorderColor":"#7ed0ff","sapUiShadowLevel0":"0 0 0 1px rgba(255, 255, 255, 0.2)","sapUiShadowLevel1":"0 0.125rem 0.5rem 0 rgba(0, 0, 0, 0.2), 0 0 0 1px rgba(255, 255, 255, 0.2)","sapUiShadowLevel2":"0 0.625rem 1.875rem 0 rgba(0, 0, 0, 0.2), 0 0 0 1px rgba(255, 255, 255, 0.2)","sapUiShadowLevel3":"0 1.25rem 5rem 0 rgba(0, 0, 0, 0.2), 0 0 0 1px rgba(255, 255, 255, 0.2)","sapUiShadowText":"0 0 0.125rem #000000","sapUiShadowHeader":"0 0.125rem 0 0 #3f5161, inset 0 -0.125rem 0 0 #4f667a","sapUiExtraLightBG":"#3f5161","sapUiButtonStandardBG":"#3f5161","sapUiText":"#fafafa","sapUiEmphasizedLine":"#91c8f6","sapUiTableRowSelectionBG":"#91c8f6","sapUiTableRowSelectionReadOnlyBG":"#91c8f6","sapUiTextDisabled":"#ffffff","sapUiNotifierHoverColor":"#91c8f6","sapUiNotificationTimestamp":"#ffffff","sapUiButtonAcceptDisabledBorderColor":"#abe2ab","sapUiButtonAcceptDisabledBackground":"#435667","sapUiButtonRejectDisabledBorderColor":"#ff8888","sapUiButtonRejectDisabledBackground":"#435667","sapUiToggleButtonPressedDisabledBackground":"#62b1f2","sapUiToggleButtonPressedDisabledBorderColor":"#4ba5f0","sapUiToggleButtonPressedDisabledTextColor":"#f2f8fe","sapUiPositiveBG":"#abe2ab","sapUiLightBoxMagnifyingGlassBackgroundColor":"#7ed0ff","sapErrorBackground":"#550000","sapWarningBackground":"#5c3803","sapSuccessBackground":"#174417","sapNeutralBackground":"#393e41","sapErrorBorderColor":"#ff8888","sapWarningBorderColor":"#fabd64","sapSuccessBorderColor":"#abe2ab","sapNegativeTextColor":"#ff8888","sapCriticalTextColor":"#fabd64","sapPositiveTextColor":"#abe2ab","sapNeutralTextColor":"#d3d7d9","sapErrorColor":"#ff8888","sapWarningColor":"#fabd64","sapSuccessColor":"#abe2ab"}}}